step,n,observable
0,57,1
1,86,0
2,43,1
3,65,1
4,98,0
5,49,1
6,74,0
7,37,1
8,56,0
9,28,0
10,14,0
11,7,1
12,11,1
13,17,1
14,26,0
15,13,1
16,20,0
17,10,0
18,5,1
19,8,0
20,4,0
21,2,0
22,1,1
23,2,0
24,1,1
25,2,0
26,1,1
27,2,0
28,1,1
29,2,0
30,1,1
31,2,0
32,1,1
33,2,0
34,1,1
35,2,0
36,1,1
37,2,0
38,1,1
39,2,0
40,1,1
41,2,0
42,1,1
43,2,0
44,1,1
45,2,0
46,1,1
47,2,0
48,1,1
49,2,0
50,1,1
51,2,0
52,1,1
53,2,0
54,1,1
55,2,0
56,1,1
57,2,0
58,1,1
59,2,0
60,1,1
61,2,0
62,1,1
63,2,0
64,1,1
65,2,0
66,1,1
67,2,0
68,1,1
69,2,0
70,1,1
71,2,0
72,1,1
73,2,0
74,1,1
75,2,0
76,1,1
77,2,0
78,1,1
79,2,0
80,1,1
81,2,0
82,1,1
83,2,0
84,1,1
85,2,0
86,1,1
87,2,0
88,1,1
89,2,0
90,1,1
91,2,0
92,1,1
93,2,0
94,1,1
95,2,0
96,1,1
97,2,0
98,1,1
99,2,0
100,1,1
101,2,0
102,1,1
103,2,0
104,1,1
105,2,0
106,1,1
107,2,0
108,1,1
109,2,0
110,1,1
111,2,0
112,1,1
113,2,0
114,1,1
115,2,0
116,1,1
117,2,0
118,1,1
119,2,0
120,1,1
121,2,0
122,1,1
123,2,0
124,1,1
125,2,0
126,1,1
127,2,0
128,1,1
129,2,0
130,1,1
131,2,0
132,1,1
133,2,0
134,1,1
135,2,0
136,1,1
137,2,0
138,1,1
139,2,0
140,1,1
141,2,0
142,1,1
143,2,0
144,1,1
145,2,0
146,1,1
147,2,0
148,1,1
149,2,0
150,1,1
151,2,0
152,1,1
153,2,0
154,1,1
155,2,0
156,1,1
157,2,0
158,1,1
159,2,0
160,1,1
161,2,0
162,1,1
163,2,0
164,1,1
165,2,0
166,1,1
167,2,0
168,1,1
169,2,0
170,1,1
171,2,0
172,1,1
173,2,0
174,1,1
175,2,0
176,1,1
177,2,0
178,1,1
179,2,0
180,1,1
181,2,0
182,1,1
183,2,0
184,1,1
185,2,0
186,1,1
187,2,0
188,1,1
189,2,0
190,1,1
191,2,0
192,1,1
193,2,0
194,1,1
195,2,0
196,1,1
197,2,0
198,1,1
199,2,0
200,1,1
201,2,0
202,1,1
203,2,0
204,1,1
205,2,0
206,1,1
207,2,0
208,1,1
209,2,0
210,1,1
211,2,0
212,1,1
213,2,0
214,1,1
215,2,0
216,1,1
217,2,0
218,1,1
219,2,0
220,1,1
221,2,0
222,1,1
223,2,0
224,1,1
225,2,0
226,1,1
227,2,0
228,1,1
229,2,0
230,1,1
231,2,0
232,1,1
233,2,0
234,1,1
235,2,0
236,1,1
237,2,0
238,1,1
239,2,0
240,1,1
241,2,0
242,1,1
243,2,0
244,1,1
245,2,0
246,1,1
247,2,0
248,1,1
249,2,0
250,1,1
251,2,0
252,1,1
253,2,0
254,1,1
255,2,0
256,1,1
257,2,0
258,1,1
259,2,0
260,1,1
261,2,0
262,1,1
263,2,0
264,1,1
265,2,0
266,1,1
267,2,0
268,1,1
269,2,0
270,1,1
271,2,0
272,1,1
273,2,0
274,1,1
275,2,0
276,1,1
277,2,0
278,1,1
279,2,0
280,1,1
281,2,0
282,1,1
283,2,0
284,1,1
285,2,0
286,1,1
287,2,0
288,1,1
289,2,0
290,1,1
291,2,0
292,1,1
293,2,0
294,1,1
295,2,0
296,1,1
297,2,0
298,1,1
299,2,0
300,1,1
301,2,0
302,1,1
303,2,0
304,1,1
305,2,0
306,1,1
307,2,0
308,1,1
309,2,0
310,1,1
311,2,0
312,1,1
313,2,0
314,1,1
315,2,0
316,1,1
317,2,0
318,1,1
319,2,0
320,1,1
321,2,0
322,1,1
323,2,0
324,1,1
325,2,0
326,1,1
327,2,0
328,1,1
329,2,0
330,1,1
331,2,0
332,1,1
333,2,0
334,1,1
335,2,0
336,1,1
337,2,0
338,1,1
339,2,0
340,1,1
341,2,0
342,1,1
343,2,0
344,1,1
345,2,0
346,1,1
347,2,0
348,1,1
349,2,0
350,1,1
351,2,0
352,1,1
353,2,0
354,1,1
355,2,0
356,1,1
357,2,0
358,1,1
359,2,0
360,1,1
361,2,0
362,1,1
363,2,0
364,1,1
365,2,0
366,1,1
367,2,0
368,1,1
369,2,0
370,1,1
371,2,0
372,1,1
373,2,0
374,1,1
375,2,0
376,1,1
377,2,0
378,1,1
379,2,0
380,1,1
381,2,0
382,1,1
383,2,0
384,1,1
385,2,0
386,1,1
387,2,0
388,1,1
389,2,0
390,1,1
391,2,0
392,1,1
393,2,0
394,1,1
395,2,0
396,1,1
397,2,0
398,1,1
399,2,0
400,1,1
401,2,0
402,1,1
403,2,0
404,1,1
405,2,0
406,1,1
407,2,0
408,1,1
409,2,0
410,1,1
411,2,0
412,1,1
413,2,0
414,1,1
415,2,0
416,1,1
417,2,0
418,1,1
419,2,0
420,1,1
421,2,0
422,1,1
423,2,0
424,1,1
425,2,0
426,1,1
427,2,0
428,1,1
429,2,0
430,1,1
431,2,0
432,1,1
433,2,0
434,1,1
435,2,0
436,1,1
437,2,0
438,1,1
439,2,0
440,1,1
441,2,0
442,1,1
443,2,0
444,1,1
445,2,0
446,1,1
447,2,0
448,1,1
449,2,0
450,1,1
451,2,0
452,1,1
453,2,0
454,1,1
455,2,0
456,1,1
457,2,0
458,1,1
459,2,0
460,1,1
461,2,0
462,1,1
463,2,0
464,1,1
465,2,0
466,1,1
467,2,0
468,1,1
469,2,0
470,1,1
471,2,0
472,1,1
473,2,0
474,1,1
475,2,0
476,1,1
477,2,0
478,1,1
479,2,0
480,1,1
481,2,0
482,1,1
483,2,0
484,1,1
485,2,0
486,1,1
487,2,0
488,1,1
489,2,0
490,1,1
491,2,0
492,1,1
493,2,0
494,1,1
495,2,0
496,1,1
497,2,0
498,1,1
499,2,0
500,1,1
501,2,0
502,1,1
503,2,0
504,1,1
505,2,0
506,1,1
507,2,0
508,1,1
509,2,0
510,1,1
511,2,0
512,1,1
513,2,0
514,1,1
515,2,0
516,1,1
517,2,0
518,1,1
519,2,0
520,1,1
521,2,0
522,1,1
523,2,0
524,1,1
525,2,0
526,1,1
527,2,0
528,1,1
529,2,0
530,1,1
531,2,0
532,1,1
533,2,0
534,1,1
535,2,0
536,1,1
537,2,0
538,1,1
539,2,0
540,1,1
541,2,0
542,1,1
543,2,0
544,1,1
545,2,0
546,1,1
547,2,0
548,1,1
549,2,0
550,1,1
551,2,0
552,1,1
553,2,0
554,1,1
555,2,0
556,1,1
557,2,0
558,1,1
559,2,0
560,1,1
561,2,0
562,1,1
563,2,0
564,1,1
565,2,0
566,1,1
567,2,0
568,1,1
569,2,0
570,1,1
571,2,0
572,1,1
573,2,0
574,1,1
575,2,0
576,1,1
577,2,0
578,1,1
579,2,0
580,1,1
581,2,0
582,1,1
583,2,0
584,1,1
585,2,0
586,1,1
587,2,0
588,1,1
589,2,0
590,1,1
591,2,0
592,1,1
593,2,0
594,1,1
595,2,0
596,1,1
597,2,0
598,1,1
599,2,0
600,1,1
601,2,0
602,1,1
603,2,0
604,1,1
605,2,0
606,1,1
607,2,0
608,1,1
609,2,0
610,1,1
611,2,0
612,1,1
613,2,0
614,1,1
615,2,0
616,1,1
617,2,0
618,1,1
619,2,0
620,1,1
621,2,0
622,1,1
623,2,0
624,1,1
625,2,0
626,1,1
627,2,0
628,1,1
629,2,0
630,1,1
631,2,0
632,1,1
633,2,0
634,1,1
635,2,0
636,1,1
637,2,0
638,1,1
639,2,0
640,1,1
641,2,0
642,1,1
643,2,0
644,1,1
645,2,0
646,1,1
647,2,0
648,1,1
649,2,0
650,1,1
651,2,0
652,1,1
653,2,0
654,1,1
655,2,0
656,1,1
657,2,0
658,1,1
659,2,0
660,1,1
661,2,0
662,1,1
663,2,0
664,1,1
665,2,0
666,1,1
667,2,0
668,1,1
669,2,0
670,1,1
671,2,0
672,1,1
673,2,0
674,1,1
675,2,0
676,1,1
677,2,0
678,1,1
679,2,0
680,1,1
681,2,0
682,1,1
683,2,0
684,1,1
685,2,0
686,1,1
687,2,0
688,1,1
689,2,0
690,1,1
691,2,0
692,1,1
693,2,0
694,1,1
695,2,0
696,1,1
697,2,0
698,1,1
699,2,0
700,1,1
701,2,0
702,1,1
703,2,0
704,1,1
705,2,0
706,1,1
707,2,0
708,1,1
709,2,0
710,1,1
711,2,0
712,1,1
713,2,0
714,1,1
715,2,0
716,1,1
717,2,0
718,1,1
719,2,0
720,1,1
721,2,0
722,1,1
723,2,0
724,1,1
725,2,0
726,1,1
727,2,0
728,1,1
729,2,0
730,1,1
731,2,0
732,1,1
733,2,0
734,1,1
735,2,0
736,1,1
737,2,0
738,1,1
739,2,0
740,1,1
741,2,0
742,1,1
743,2,0
744,1,1
745,2,0
746,1,1
747,2,0
748,1,1
749,2,0
750,1,1
751,2,0
752,1,1
753,2,0
754,1,1
755,2,0
756,1,1
757,2,0
758,1,1
759,2,0
760,1,1
761,2,0
762,1,1
763,2,0
764,1,1
765,2,0
766,1,1
767,2,0
768,1,1
769,2,0
770,1,1
771,2,0
772,1,1
773,2,0
774,1,1
775,2,0
776,1,1
777,2,0
778,1,1
779,2,0
780,1,1
781,2,0
782,1,1
783,2,0
784,1,1
785,2,0
786,1,1
787,2,0
788,1,1
789,2,0
790,1,1
791,2,0
792,1,1
793,2,0
794,1,1
795,2,0
796,1,1
797,2,0
798,1,1
799,2,0
800,1,1
801,2,0
802,1,1
803,2,0
804,1,1
805,2,0
806,1,1
807,2,0
808,1,1
809,2,0
810,1,1
811,2,0
812,1,1
813,2,0
814,1,1
815,2,0
816,1,1
817,2,0
818,1,1
819,2,0
820,1,1
821,2,0
822,1,1
823,2,0
824,1,1
825,2,0
826,1,1
827,2,0
828,1,1
829,2,0
830,1,1
831,2,0
832,1,1
833,2,0
834,1,1
835,2,0
836,1,1
837,2,0
838,1,1
839,2,0
840,1,1
841,2,0
842,1,1
843,2,0
844,1,1
845,2,0
846,1,1
847,2,0
848,1,1
849,2,0
850,1,1
851,2,0
852,1,1
853,2,0
854,1,1
855,2,0
856,1,1
857,2,0
858,1,1
859,2,0
860,1,1
861,2,0
862,1,1
863,2,0
864,1,1
865,2,0
866,1,1
867,2,0
868,1,1
869,2,0
870,1,1
871,2,0
872,1,1
873,2,0
874,1,1
875,2,0
876,1,1
877,2,0
878,1,1
879,2,0
880,1,1
881,2,0
882,1,1
883,2,0
884,1,1
885,2,0
886,1,1
887,2,0
888,1,1
889,2,0
890,1,1
891,2,0
892,1,1
893,2,0
894,1,1
895,2,0
896,1,1
897,2,0
898,1,1
899,2,0
900,1,1
901,2,0
902,1,1
903,2,0
904,1,1
905,2,0
906,1,1
907,2,0
908,1,1
909,2,0
910,1,1
911,2,0
912,1,1
913,2,0
914,1,1
915,2,0
916,1,1
917,2,0
918,1,1
919,2,0
920,1,1
921,2,0
922,1,1
923,2,0
924,1,1
925,2,0
926,1,1
927,2,0
928,1,1
929,2,0
930,1,1
931,2,0
932,1,1
933,2,0
934,1,1
935,2,0
936,1,1
937,2,0
938,1,1
939,2,0
940,1,1
941,2,0
942,1,1
943,2,0
944,1,1
945,2,0
946,1,1
947,2,0
948,1,1
949,2,0
950,1,1
951,2,0
952,1,1
953,2,0
954,1,1
955,2,0
956,1,1
957,2,0
958,1,1
959,2,0
960,1,1
961,2,0
962,1,1
963,2,0
964,1,1
965,2,0
966,1,1
967,2,0
968,1,1
969,2,0
970,1,1
971,2,0
972,1,1
973,2,0
974,1,1
975,2,0
976,1,1
977,2,0
978,1,1
979,2,0
980,1,1
981,2,0
982,1,1
983,2,0
984,1,1
985,2,0
986,1,1
987,2,0
988,1,1
989,2,0
990,1,1
991,2,0
992,1,1
993,2,0
994,1,1
995,2,0
996,1,1
997,2,0
998,1,1
999,2,0
1000,1,1
1001,2,0
1002,1,1
1003,2,0
1004,1,1
1005,2,0
1006,1,1
1007,2,0
1008,1,1
1009,2,0
1010,1,1
1011,2,0
1012,1,1
1013,2,0
1014,1,1
1015,2,0
1016,1,1
1017,2,0
1018,1,1
1019,2,0
1020,1,1
1021,2,0
1022,1,1
1023,2,0
1024,1,1
1025,2,0
1026,1,1
1027,2,0
1028,1,1
1029,2,0
1030,1,1
1031,2,0
1032,1,1
1033,2,0
1034,1,1
1035,2,0
1036,1,1
1037,2,0
1038,1,1
1039,2,0
1040,1,1
1041,2,0
1042,1,1
1043,2,0
1044,1,1
1045,2,0
1046,1,1
1047,2,0
1048,1,1
1049,2,0
1050,1,1
1051,2,0
1052,1,1
1053,2,0
1054,1,1
1055,2,0
1056,1,1
1057,2,0
1058,1,1
1059,2,0
1060,1,1
1061,2,0
1062,1,1
1063,2,0
1064,1,1
1065,2,0
1066,1,1
1067,2,0
1068,1,1
1069,2,0
1070,1,1
1071,2,0
1072,1,1
1073,2,0
1074,1,1
1075,2,0
1076,1,1
1077,2,0
1078,1,1
1079,2,0
1080,1,1
1081,2,0
1082,1,1
1083,2,0
1084,1,1
1085,2,0
1086,1,1
1087,2,0
1088,1,1
1089,2,0
1090,1,1
1091,2,0
1092,1,1
1093,2,0
1094,1,1
1095,2,0
1096,1,1
1097,2,0
1098,1,1
1099,2,0
1100,1,1
1101,2,0
1102,1,1
1103,2,0
1104,1,1
1105,2,0
1106,1,1
1107,2,0
1108,1,1
1109,2,0
1110,1,1
1111,2,0
1112,1,1
1113,2,0
1114,1,1
1115,2,0
1116,1,1
1117,2,0
1118,1,1
1119,2,0
1120,1,1
1121,2,0
1122,1,1
1123,2,0
1124,1,1
1125,2,0
1126,1,1
1127,2,0
1128,1,1
1129,2,0
1130,1,1
1131,2,0
1132,1,1
1133,2,0
1134,1,1
1135,2,0
1136,1,1
1137,2,0
1138,1,1
1139,2,0
1140,1,1
1141,2,0
1142,1,1
1143,2,0
1144,1,1
1145,2,0
1146,1,1
1147,2,0
1148,1,1
1149,2,0
1150,1,1
1151,2,0
1152,1,1
1153,2,0
1154,1,1
1155,2,0
1156,1,1
1157,2,0
1158,1,1
1159,2,0
1160,1,1
1161,2,0
1162,1,1
1163,2,0
1164,1,1
1165,2,0
1166,1,1
1167,2,0
1168,1,1
1169,2,0
1170,1,1
1171,2,0
1172,1,1
1173,2,0
1174,1,1
1175,2,0
1176,1,1
1177,2,0
1178,1,1
1179,2,0
1180,1,1
1181,2,0
1182,1,1
1183,2,0
1184,1,1
1185,2,0
1186,1,1
1187,2,0
1188,1,1
1189,2,0
1190,1,1
1191,2,0
1192,1,1
1193,2,0
1194,1,1
1195,2,0
1196,1,1
1197,2,0
1198,1,1
1199,2,0
1200,1,1
1201,2,0
1202,1,1
1203,2,0
1204,1,1
1205,2,0
1206,1,1
1207,2,0
1208,1,1
1209,2,0
1210,1,1
1211,2,0
1212,1,1
1213,2,0
1214,1,1
1215,2,0
1216,1,1
1217,2,0
1218,1,1
1219,2,0
1220,1,1
1221,2,0
1222,1,1
1223,2,0
1224,1,1
1225,2,0
1226,1,1
1227,2,0
1228,1,1
1229,2,0
1230,1,1
1231,2,0
1232,1,1
1233,2,0
1234,1,1
1235,2,0
1236,1,1
1237,2,0
1238,1,1
1239,2,0
1240,1,1
1241,2,0
1242,1,1
1243,2,0
1244,1,1
1245,2,0
1246,1,1
1247,2,0
1248,1,1
1249,2,0
1250,1,1
1251,2,0
1252,1,1
1253,2,0
1254,1,1
1255,2,0
1256,1,1
1257,2,0
1258,1,1
1259,2,0
1260,1,1
1261,2,0
1262,1,1
1263,2,0
1264,1,1
1265,2,0
1266,1,1
1267,2,0
1268,1,1
1269,2,0
1270,1,1
1271,2,0
1272,1,1
1273,2,0
1274,1,1
1275,2,0
1276,1,1
1277,2,0
1278,1,1
1279,2,0
1280,1,1
1281,2,0
1282,1,1
1283,2,0
1284,1,1
1285,2,0
1286,1,1
1287,2,0
1288,1,1
1289,2,0
1290,1,1
1291,2,0
1292,1,1
1293,2,0
1294,1,1
1295,2,0
1296,1,1
1297,2,0
1298,1,1
1299,2,0
1300,1,1
1301,2,0
1302,1,1
1303,2,0
1304,1,1
1305,2,0
1306,1,1
1307,2,0
1308,1,1
1309,2,0
1310,1,1
1311,2,0
1312,1,1
1313,2,0
1314,1,1
1315,2,0
1316,1,1
1317,2,0
1318,1,1
1319,2,0
1320,1,1
1321,2,0
1322,1,1
1323,2,0
1324,1,1
1325,2,0
1326,1,1
1327,2,0
1328,1,1
1329,2,0
1330,1,1
1331,2,0
1332,1,1
1333,2,0
1334,1,1
1335,2,0
1336,1,1
1337,2,0
1338,1,1
1339,2,0
1340,1,1
1341,2,0
1342,1,1
1343,2,0
1344,1,1
1345,2,0
1346,1,1
1347,2,0
1348,1,1
1349,2,0
1350,1,1
1351,2,0
1352,1,1
1353,2,0
1354,1,1
1355,2,0
1356,1,1
1357,2,0
1358,1,1
1359,2,0
1360,1,1
1361,2,0
1362,1,1
1363,2,0
1364,1,1
1365,2,0
1366,1,1
1367,2,0
1368,1,1
1369,2,0
1370,1,1
1371,2,0
1372,1,1
1373,2,0
1374,1,1
1375,2,0
1376,1,1
1377,2,0
1378,1,1
1379,2,0
1380,1,1
1381,2,0
1382,1,1
1383,2,0
1384,1,1
1385,2,0
1386,1,1
1387,2,0
1388,1,1
1389,2,0
1390,1,1
1391,2,0
1392,1,1
1393,2,0
1394,1,1
1395,2,0
1396,1,1
1397,2,0
1398,1,1
1399,2,0
1400,1,1
1401,2,0
1402,1,1
1403,2,0
1404,1,1
1405,2,0
1406,1,1
1407,2,0
1408,1,1
1409,2,0
1410,1,1
1411,2,0
1412,1,1
1413,2,0
1414,1,1
1415,2,0
1416,1,1
1417,2,0
1418,1,1
1419,2,0
1420,1,1
1421,2,0
1422,1,1
1423,2,0
1424,1,1
1425,2,0
1426,1,1
1427,2,0
1428,1,1
1429,2,0
1430,1,1
1431,2,0
1432,1,1
1433,2,0
1434,1,1
1435,2,0
1436,1,1
1437,2,0
1438,1,1
1439,2,0
1440,1,1
1441,2,0
1442,1,1
1443,2,0
1444,1,1
1445,2,0
1446,1,1
1447,2,0
1448,1,1
1449,2,0
1450,1,1
1451,2,0
1452,1,1
1453,2,0
1454,1,1
1455,2,0
1456,1,1
1457,2,0
1458,1,1
1459,2,0
1460,1,1
1461,2,0
1462,1,1
1463,2,0
1464,1,1
1465,2,0
1466,1,1
1467,2,0
1468,1,1
1469,2,0
1470,1,1
1471,2,0
1472,1,1
1473,2,0
1474,1,1
1475,2,0
1476,1,1
1477,2,0
1478,1,1
1479,2,0
1480,1,1
1481,2,0
1482,1,1
1483,2,0
1484,1,1
1485,2,0
1486,1,1
1487,2,0
1488,1,1
1489,2,0
1490,1,1
1491,2,0
1492,1,1
1493,2,0
1494,1,1
1495,2,0
1496,1,1
1497,2,0
1498,1,1
1499,2,0
1500,1,1
1501,2,0
1502,1,1
1503,2,0
1504,1,1
1505,2,0
1506,1,1
1507,2,0
1508,1,1
1509,2,0
1510,1,1
1511,2,0
1512,1,1
1513,2,0
1514,1,1
1515,2,0
1516,1,1
1517,2,0
1518,1,1
1519,2,0
1520,1,1
1521,2,0
1522,1,1
1523,2,0
1524,1,1
1525,2,0
1526,1,1
1527,2,0
1528,1,1
1529,2,0
1530,1,1
1531,2,0
1532,1,1
1533,2,0
1534,1,1
1535,2,0
1536,1,1
1537,2,0
1538,1,1
1539,2,0
1540,1,1
1541,2,0
1542,1,1
1543,2,0
1544,1,1
1545,2,0
1546,1,1
1547,2,0
1548,1,1
1549,2,0
1550,1,1
1551,2,0
1552,1,1
1553,2,0
1554,1,1
1555,2,0
1556,1,1
1557,2,0
1558,1,1
1559,2,0
1560,1,1
1561,2,0
1562,1,1
1563,2,0
1564,1,1
1565,2,0
1566,1,1
1567,2,0
1568,1,1
1569,2,0
1570,1,1
1571,2,0
1572,1,1
1573,2,0
1574,1,1
1575,2,0
1576,1,1
1577,2,0
1578,1,1
1579,2,0
1580,1,1
1581,2,0
1582,1,1
1583,2,0
1584,1,1
1585,2,0
1586,1,1
1587,2,0
1588,1,1
1589,2,0
1590,1,1
1591,2,0
1592,1,1
1593,2,0
1594,1,1
1595,2,0
1596,1,1
1597,2,0
1598,1,1
1599,2,0
1600,1,1
1601,2,0
1602,1,1
1603,2,0
1604,1,1
1605,2,0
1606,1,1
1607,2,0
1608,1,1
1609,2,0
1610,1,1
1611,2,0
1612,1,1
1613,2,0
1614,1,1
1615,2,0
1616,1,1
1617,2,0
1618,1,1
1619,2,0
1620,1,1
1621,2,0
1622,1,1
1623,2,0
1624,1,1
1625,2,0
1626,1,1
1627,2,0
1628,1,1
1629,2,0
1630,1,1
1631,2,0
1632,1,1
1633,2,0
1634,1,1
1635,2,0
1636,1,1
1637,2,0
1638,1,1
1639,2,0
1640,1,1
1641,2,0
1642,1,1
1643,2,0
1644,1,1
1645,2,0
1646,1,1
1647,2,0
1648,1,1
1649,2,0
1650,1,1
1651,2,0
1652,1,1
1653,2,0
1654,1,1
1655,2,0
1656,1,1
1657,2,0
1658,1,1
1659,2,0
1660,1,1
1661,2,0
1662,1,1
1663,2,0
1664,1,1
1665,2,0
1666,1,1
1667,2,0
1668,1,1
1669,2,0
1670,1,1
1671,2,0
1672,1,1
1673,2,0
1674,1,1
1675,2,0
1676,1,1
1677,2,0
1678,1,1
1679,2,0
1680,1,1
1681,2,0
1682,1,1
1683,2,0
1684,1,1
1685,2,0
1686,1,1
1687,2,0
1688,1,1
1689,2,0
1690,1,1
1691,2,0
1692,1,1
1693,2,0
1694,1,1
1695,2,0
1696,1,1
1697,2,0
1698,1,1
1699,2,0
1700,1,1
1701,2,0
1702,1,1
1703,2,0
1704,1,1
1705,2,0
1706,1,1
1707,2,0
1708,1,1
1709,2,0
1710,1,1
1711,2,0
1712,1,1
1713,2,0
1714,1,1
1715,2,0
1716,1,1
1717,2,0
1718,1,1
1719,2,0
1720,1,1
1721,2,0
1722,1,1
1723,2,0
1724,1,1
1725,2,0
1726,1,1
1727,2,0
1728,1,1
1729,2,0
1730,1,1
1731,2,0
1732,1,1
1733,2,0
1734,1,1
1735,2,0
1736,1,1
1737,2,0
1738,1,1
1739,2,0
1740,1,1
1741,2,0
1742,1,1
1743,2,0
1744,1,1
1745,2,0
1746,1,1
1747,2,0
1748,1,1
1749,2,0
1750,1,1
1751,2,0
1752,1,1
1753,2,0
1754,1,1
1755,2,0
1756,1,1
1757,2,0
1758,1,1
1759,2,0
1760,1,1
1761,2,0
1762,1,1
1763,2,0
1764,1,1
1765,2,0
1766,1,1
1767,2,0
1768,1,1
1769,2,0
1770,1,1
1771,2,0
1772,1,1
1773,2,0
1774,1,1
1775,2,0
1776,1,1
1777,2,0
1778,1,1
1779,2,0
1780,1,1
1781,2,0
1782,1,1
1783,2,0
1784,1,1
1785,2,0
1786,1,1
1787,2,0
1788,1,1
1789,2,0
1790,1,1
1791,2,0
1792,1,1
1793,2,0
1794,1,1
1795,2,0
1796,1,1
1797,2,0
1798,1,1
1799,2,0
1800,1,1
1801,2,0
1802,1,1
1803,2,0
1804,1,1
1805,2,0
1806,1,1
1807,2,0
1808,1,1
1809,2,0
1810,1,1
1811,2,0
1812,1,1
1813,2,0
1814,1,1
1815,2,0
1816,1,1
1817,2,0
1818,1,1
1819,2,0
1820,1,1
1821,2,0
1822,1,1
1823,2,0
1824,1,1
1825,2,0
1826,1,1
1827,2,0
1828,1,1
1829,2,0
1830,1,1
1831,2,0
1832,1,1
1833,2,0
1834,1,1
1835,2,0
1836,1,1
1837,2,0
1838,1,1
1839,2,0
1840,1,1
1841,2,0
1842,1,1
1843,2,0
1844,1,1
1845,2,0
1846,1,1
1847,2,0
1848,1,1
1849,2,0
1850,1,1
1851,2,0
1852,1,1
1853,2,0
1854,1,1
1855,2,0
1856,1,1
1857,2,0
1858,1,1
1859,2,0
1860,1,1
1861,2,0
1862,1,1
1863,2,0
1864,1,1
1865,2,0
1866,1,1
1867,2,0
1868,1,1
1869,2,0
1870,1,1
1871,2,0
1872,1,1
1873,2,0
1874,1,1
1875,2,0
1876,1,1
1877,2,0
1878,1,1
1879,2,0
1880,1,1
1881,2,0
1882,1,1
1883,2,0
1884,1,1
1885,2,0
1886,1,1
1887,2,0
1888,1,1
1889,2,0
1890,1,1
1891,2,0
1892,1,1
1893,2,0
1894,1,1
1895,2,0
1896,1,1
1897,2,0
1898,1,1
1899,2,0
1900,1,1
1901,2,0
1902,1,1
1903,2,0
1904,1,1
1905,2,0
1906,1,1
1907,2,0
1908,1,1
1909,2,0
1910,1,1
1911,2,0
1912,1,1
1913,2,0
1914,1,1
1915,2,0
1916,1,1
1917,2,0
1918,1,1
1919,2,0
1920,1,1
1921,2,0
1922,1,1
1923,2,0
1924,1,1
1925,2,0
1926,1,1
1927,2,0
1928,1,1
1929,2,0
1930,1,1
1931,2,0
1932,1,1
1933,2,0
1934,1,1
1935,2,0
1936,1,1
1937,2,0
1938,1,1
1939,2,0
1940,1,1
1941,2,0
1942,1,1
1943,2,0
1944,1,1
1945,2,0
1946,1,1
1947,2,0
1948,1,1
1949,2,0
1950,1,1
1951,2,0
1952,1,1
1953,2,0
1954,1,1
1955,2,0
1956,1,1
1957,2,0
1958,1,1
1959,2,0
1960,1,1
1961,2,0
1962,1,1
1963,2,0
1964,1,1
1965,2,0
1966,1,1
1967,2,0
1968,1,1
1969,2,0
1970,1,1
1971,2,0
1972,1,1
1973,2,0
1974,1,1
1975,2,0
1976,1,1
1977,2,0
1978,1,1
1979,2,0
1980,1,1
1981,2,0
1982,1,1
1983,2,0
1984,1,1
1985,2,0
1986,1,1
1987,2,0
1988,1,1
1989,2,0
1990,1,1
1991,2,0
1992,1,1
1993,2,0
1994,1,1
1995,2,0
1996,1,1
1997,2,0
1998,1,1
1999,2,0
2000,1,1
2001,2,0
2002,1,1
2003,2,0
2004,1,1
2005,2,0
2006,1,1
2007,2,0
2008,1,1
2009,2,0
2010,1,1
2011,2,0
2012,1,1
2013,2,0
2014,1,1
2015,2,0
2016,1,1
2017,2,0
2018,1,1
2019,2,0
2020,1,1
2021,2,0
2022,1,1
2023,2,0
2024,1,1
2025,2,0
2026,1,1
2027,2,0
2028,1,1
2029,2,0
2030,1,1
2031,2,0
2032,1,1
2033,2,0
2034,1,1
2035,2,0
2036,1,1
2037,2,0
2038,1,1
2039,2,0
2040,1,1
2041,2,0
2042,1,1
2043,2,0
2044,1,1
2045,2,0
2046,1,1
2047,2,0
2048,1,1
2049,2,0
2050,1,1
2051,2,0
2052,1,1
2053,2,0
2054,1,1
2055,2,0
2056,1,1
2057,2,0
2058,1,1
2059,2,0
2060,1,1
2061,2,0
2062,1,1
2063,2,0
2064,1,1
2065,2,0
2066,1,1
2067,2,0
2068,1,1
2069,2,0
2070,1,1
2071,2,0
2072,1,1
2073,2,0
2074,1,1
2075,2,0
2076,1,1
2077,2,0
2078,1,1
2079,2,0
2080,1,1
2081,2,0
2082,1,1
2083,2,0
2084,1,1
2085,2,0
2086,1,1
2087,2,0
2088,1,1
2089,2,0
2090,1,1
2091,2,0
2092,1,1
2093,2,0
2094,1,1
2095,2,0
2096,1,1
2097,2,0
2098,1,1
2099,2,0
2100,1,1
2101,2,0
2102,1,1
2103,2,0
2104,1,1
2105,2,0
2106,1,1
2107,2,0
2108,1,1
2109,2,0
2110,1,1
2111,2,0
2112,1,1
2113,2,0
2114,1,1
2115,2,0
2116,1,1
2117,2,0
2118,1,1
2119,2,0
2120,1,1
2121,2,0
2122,1,1
2123,2,0
2124,1,1
2125,2,0
2126,1,1
2127,2,0
2128,1,1
2129,2,0
2130,1,1
2131,2,0
2132,1,1
2133,2,0
2134,1,1
2135,2,0
2136,1,1
2137,2,0
2138,1,1
2139,2,0
2140,1,1
2141,2,0
2142,1,1
2143,2,0
2144,1,1
2145,2,0
2146,1,1
2147,2,0
2148,1,1
2149,2,0
2150,1,1
2151,2,0
2152,1,1
2153,2,0
2154,1,1
2155,2,0
2156,1,1
2157,2,0
2158,1,1
2159,2,0
2160,1,1
2161,2,0
2162,1,1
2163,2,0
2164,1,1
2165,2,0
2166,1,1
2167,2,0
2168,1,1
2169,2,0
2170,1,1
2171,2,0
2172,1,1
2173,2,0
2174,1,1
2175,2,0
2176,1,1
2177,2,0
2178,1,1
2179,2,0
2180,1,1
2181,2,0
2182,1,1
2183,2,0
2184,1,1
2185,2,0
2186,1,1
2187,2,0
2188,1,1
2189,2,0
2190,1,1
2191,2,0
2192,1,1
2193,2,0
2194,1,1
2195,2,0
2196,1,1
2197,2,0
2198,1,1
2199,2,0
2200,1,1
2201,2,0
2202,1,1
2203,2,0
2204,1,1
2205,2,0
2206,1,1
2207,2,0
2208,1,1
2209,2,0
2210,1,1
2211,2,0
2212,1,1
2213,2,0
2214,1,1
2215,2,0
2216,1,1
2217,2,0
2218,1,1
2219,2,0
2220,1,1
2221,2,0
2222,1,1
2223,2,0
2224,1,1
2225,2,0
2226,1,1
2227,2,0
2228,1,1
2229,2,0
2230,1,1
2231,2,0
2232,1,1
2233,2,0
2234,1,1
2235,2,0
2236,1,1
2237,2,0
2238,1,1
2239,2,0
2240,1,1
2241,2,0
2242,1,1
2243,2,0
2244,1,1
2245,2,0
2246,1,1
2247,2,0
2248,1,1
2249,2,0
2250,1,1
2251,2,0
2252,1,1
2253,2,0
2254,1,1
2255,2,0
2256,1,1
2257,2,0
2258,1,1
2259,2,0
2260,1,1
2261,2,0
2262,1,1
2263,2,0
2264,1,1
2265,2,0
2266,1,1
2267,2,0
2268,1,1
2269,2,0
2270,1,1
2271,2,0
2272,1,1
2273,2,0
2274,1,1
2275,2,0
2276,1,1
2277,2,0
2278,1,1
2279,2,0
2280,1,1
2281,2,0
2282,1,1
2283,2,0
2284,1,1
2285,2,0
2286,1,1
2287,2,0
2288,1,1
2289,2,0
2290,1,1
2291,2,0
2292,1,1
2293,2,0
2294,1,1
2295,2,0
2296,1,1
2297,2,0
2298,1,1
2299,2,0
2300,1,1
2301,2,0
2302,1,1
2303,2,0
2304,1,1
2305,2,0
2306,1,1
2307,2,0
2308,1,1
2309,2,0
2310,1,1
2311,2,0
2312,1,1
2313,2,0
2314,1,1
2315,2,0
2316,1,1
2317,2,0
2318,1,1
2319,2,0
2320,1,1
2321,2,0
2322,1,1
2323,2,0
2324,1,1
2325,2,0
2326,1,1
2327,2,0
2328,1,1
2329,2,0
2330,1,1
2331,2,0
2332,1,1
2333,2,0
2334,1,1
2335,2,0
2336,1,1
2337,2,0
2338,1,1
2339,2,0
2340,1,1
2341,2,0
2342,1,1
2343,2,0
2344,1,1
2345,2,0
2346,1,1
2347,2,0
2348,1,1
2349,2,0
2350,1,1
2351,2,0
2352,1,1
2353,2,0
2354,1,1
2355,2,0
2356,1,1
2357,2,0
2358,1,1
2359,2,0
2360,1,1
2361,2,0
2362,1,1
2363,2,0
2364,1,1
2365,2,0
2366,1,1
2367,2,0
2368,1,1
2369,2,0
2370,1,1
2371,2,0
2372,1,1
2373,2,0
2374,1,1
2375,2,0
2376,1,1
2377,2,0
2378,1,1
2379,2,0
2380,1,1
2381,2,0
2382,1,1
2383,2,0
2384,1,1
2385,2,0
2386,1,1
2387,2,0
2388,1,1
2389,2,0
2390,1,1
2391,2,0
2392,1,1
2393,2,0
2394,1,1
2395,2,0
2396,1,1
2397,2,0
2398,1,1
2399,2,0
2400,1,1
2401,2,0
2402,1,1
2403,2,0
2404,1,1
2405,2,0
2406,1,1
2407,2,0
2408,1,1
2409,2,0
2410,1,1
2411,2,0
2412,1,1
2413,2,0
2414,1,1
2415,2,0
2416,1,1
2417,2,0
2418,1,1
2419,2,0
2420,1,1
2421,2,0
2422,1,1
2423,2,0
2424,1,1
2425,2,0
2426,1,1
2427,2,0
2428,1,1
2429,2,0
2430,1,1
2431,2,0
2432,1,1
2433,2,0
2434,1,1
2435,2,0
2436,1,1
2437,2,0
2438,1,1
2439,2,0
2440,1,1
2441,2,0
2442,1,1
2443,2,0
2444,1,1
2445,2,0
2446,1,1
2447,2,0
2448,1,1
2449,2,0
2450,1,1
2451,2,0
2452,1,1
2453,2,0
2454,1,1
2455,2,0
2456,1,1
2457,2,0
2458,1,1
2459,2,0
2460,1,1
2461,2,0
2462,1,1
2463,2,0
2464,1,1
2465,2,0
2466,1,1
2467,2,0
2468,1,1
2469,2,0
2470,1,1
2471,2,0
2472,1,1
2473,2,0
2474,1,1
2475,2,0
2476,1,1
2477,2,0
2478,1,1
2479,2,0
2480,1,1
2481,2,0
2482,1,1
2483,2,0
2484,1,1
2485,2,0
2486,1,1
2487,2,0
2488,1,1
2489,2,0
2490,1,1
2491,2,0
2492,1,1
2493,2,0
2494,1,1
2495,2,0
2496,1,1
2497,2,0
2498,1,1
2499,2,0
2500,1,1
2501,2,0
2502,1,1
2503,2,0
2504,1,1
2505,2,0
2506,1,1
2507,2,0
2508,1,1
2509,2,0
2510,1,1
2511,2,0
2512,1,1
2513,2,0
2514,1,1
2515,2,0
2516,1,1
2517,2,0
2518,1,1
2519,2,0
2520,1,1
2521,2,0
2522,1,1
2523,2,0
2524,1,1
2525,2,0
2526,1,1
2527,2,0
2528,1,1
2529,2,0
2530,1,1
2531,2,0
2532,1,1
2533,2,0
2534,1,1
2535,2,0
2536,1,1
2537,2,0
2538,1,1
2539,2,0
2540,1,1
2541,2,0
2542,1,1
2543,2,0
2544,1,1
2545,2,0
2546,1,1
2547,2,0
2548,1,1
2549,2,0
2550,1,1
2551,2,0
2552,1,1
2553,2,0
2554,1,1
2555,2,0
2556,1,1
2557,2,0
2558,1,1
2559,2,0
2560,1,1
2561,2,0
2562,1,1
2563,2,0
2564,1,1
2565,2,0
2566,1,1
2567,2,0
2568,1,1
2569,2,0
2570,1,1
2571,2,0
2572,1,1
2573,2,0
2574,1,1
2575,2,0
2576,1,1
2577,2,0
2578,1,1
2579,2,0
2580,1,1
2581,2,0
2582,1,1
2583,2,0
2584,1,1
2585,2,0
2586,1,1
2587,2,0
2588,1,1
2589,2,0
2590,1,1
2591,2,0
2592,1,1
2593,2,0
2594,1,1
2595,2,0
2596,1,1
2597,2,0
2598,1,1
2599,2,0
2600,1,1
2601,2,0
2602,1,1
2603,2,0
2604,1,1
2605,2,0
2606,1,1
2607,2,0
2608,1,1
2609,2,0
2610,1,1
2611,2,0
2612,1,1
2613,2,0
2614,1,1
2615,2,0
2616,1,1
2617,2,0
2618,1,1
2619,2,0
2620,1,1
2621,2,0
2622,1,1
2623,2,0
2624,1,1
2625,2,0
2626,1,1
2627,2,0
2628,1,1
2629,2,0
2630,1,1
2631,2,0
2632,1,1
2633,2,0
2634,1,1
2635,2,0
2636,1,1
2637,2,0
2638,1,1
2639,2,0
2640,1,1
2641,2,0
2642,1,1
2643,2,0
2644,1,1
2645,2,0
2646,1,1
2647,2,0
2648,1,1
2649,2,0
2650,1,1
2651,2,0
2652,1,1
2653,2,0
2654,1,1
2655,2,0
2656,1,1
2657,2,0
2658,1,1
2659,2,0
2660,1,1
2661,2,0
2662,1,1
2663,2,0
2664,1,1
2665,2,0
2666,1,1
2667,2,0
2668,1,1
2669,2,0
2670,1,1
2671,2,0
2672,1,1
2673,2,0
2674,1,1
2675,2,0
2676,1,1
2677,2,0
2678,1,1
2679,2,0
2680,1,1
2681,2,0
2682,1,1
2683,2,0
2684,1,1
2685,2,0
2686,1,1
2687,2,0
2688,1,1
2689,2,0
2690,1,1
2691,2,0
2692,1,1
2693,2,0
2694,1,1
2695,2,0
2696,1,1
2697,2,0
2698,1,1
2699,2,0
2700,1,1
2701,2,0
2702,1,1
2703,2,0
2704,1,1
2705,2,0
2706,1,1
2707,2,0
2708,1,1
2709,2,0
2710,1,1
2711,2,0
2712,1,1
2713,2,0
2714,1,1
2715,2,0
2716,1,1
2717,2,0
2718,1,1
2719,2,0
2720,1,1
2721,2,0
2722,1,1
2723,2,0
2724,1,1
2725,2,0
2726,1,1
2727,2,0
2728,1,1
2729,2,0
2730,1,1
2731,2,0
2732,1,1
2733,2,0
2734,1,1
2735,2,0
2736,1,1
2737,2,0
2738,1,1
2739,2,0
2740,1,1
2741,2,0
2742,1,1
2743,2,0
2744,1,1
2745,2,0
2746,1,1
2747,2,0
2748,1,1
2749,2,0
2750,1,1
2751,2,0
2752,1,1
2753,2,0
2754,1,1
2755,2,0
2756,1,1
2757,2,0
2758,1,1
2759,2,0
2760,1,1
2761,2,0
2762,1,1
2763,2,0
2764,1,1
2765,2,0
2766,1,1
2767,2,0
2768,1,1
2769,2,0
2770,1,1
2771,2,0
2772,1,1
2773,2,0
2774,1,1
2775,2,0
2776,1,1
2777,2,0
2778,1,1
2779,2,0
2780,1,1
2781,2,0
2782,1,1
2783,2,0
2784,1,1
2785,2,0
2786,1,1
2787,2,0
2788,1,1
2789,2,0
2790,1,1
2791,2,0
2792,1,1
2793,2,0
2794,1,1
2795,2,0
2796,1,1
2797,2,0
2798,1,1
2799,2,0
2800,1,1
2801,2,0
2802,1,1
2803,2,0
2804,1,1
2805,2,0
2806,1,1
2807,2,0
2808,1,1
2809,2,0
2810,1,1
2811,2,0
2812,1,1
2813,2,0
2814,1,1
2815,2,0
2816,1,1
2817,2,0
2818,1,1
2819,2,0
2820,1,1
2821,2,0
2822,1,1
2823,2,0
2824,1,1
2825,2,0
2826,1,1
2827,2,0
2828,1,1
2829,2,0
2830,1,1
2831,2,0
2832,1,1
2833,2,0
2834,1,1
2835,2,0
2836,1,1
2837,2,0
2838,1,1
2839,2,0
2840,1,1
2841,2,0
2842,1,1
2843,2,0
2844,1,1
2845,2,0
2846,1,1
2847,2,0
2848,1,1
2849,2,0
2850,1,1
2851,2,0
2852,1,1
2853,2,0
2854,1,1
2855,2,0
2856,1,1
2857,2,0
2858,1,1
2859,2,0
2860,1,1
2861,2,0
2862,1,1
2863,2,0
2864,1,1
2865,2,0
2866,1,1
2867,2,0
2868,1,1
2869,2,0
2870,1,1
2871,2,0
2872,1,1
2873,2,0
2874,1,1
2875,2,0
2876,1,1
2877,2,0
2878,1,1
2879,2,0
2880,1,1
2881,2,0
2882,1,1
2883,2,0
2884,1,1
2885,2,0
2886,1,1
2887,2,0
2888,1,1
2889,2,0
2890,1,1
2891,2,0
2892,1,1
2893,2,0
2894,1,1
2895,2,0
2896,1,1
2897,2,0
2898,1,1
2899,2,0
2900,1,1
2901,2,0
2902,1,1
2903,2,0
2904,1,1
2905,2,0
2906,1,1
2907,2,0
2908,1,1
2909,2,0
2910,1,1
2911,2,0
2912,1,1
2913,2,0
2914,1,1
2915,2,0
2916,1,1
2917,2,0
2918,1,1
2919,2,0
2920,1,1
2921,2,0
2922,1,1
2923,2,0
2924,1,1
2925,2,0
2926,1,1
2927,2,0
2928,1,1
2929,2,0
2930,1,1
2931,2,0
2932,1,1
2933,2,0
2934,1,1
2935,2,0
2936,1,1
2937,2,0
2938,1,1
2939,2,0
2940,1,1
2941,2,0
2942,1,1
2943,2,0
2944,1,1
2945,2,0
2946,1,1
2947,2,0
2948,1,1
2949,2,0
2950,1,1
2951,2,0
2952,1,1
2953,2,0
2954,1,1
2955,2,0
2956,1,1
2957,2,0
2958,1,1
2959,2,0
2960,1,1
2961,2,0
2962,1,1
2963,2,0
2964,1,1
2965,2,0
2966,1,1
2967,2,0
2968,1,1
2969,2,0
2970,1,1
2971,2,0
2972,1,1
2973,2,0
2974,1,1
2975,2,0
2976,1,1
2977,2,0
2978,1,1
2979,2,0
2980,1,1
2981,2,0
2982,1,1
2983,2,0
2984,1,1
2985,2,0
2986,1,1
2987,2,0
2988,1,1
2989,2,0
2990,1,1
2991,2,0
2992,1,1
2993,2,0
2994,1,1
2995,2,0
2996,1,1
2997,2,0
2998,1,1
2999,2,0
3000,1,1
3001,2,0
3002,1,1
3003,2,0
3004,1,1
3005,2,0
3006,1,1
3007,2,0
3008,1,1
3009,2,0
3010,1,1
3011,2,0
3012,1,1
3013,2,0
3014,1,1
3015,2,0
3016,1,1
3017,2,0
3018,1,1
3019,2,0
3020,1,1
3021,2,0
3022,1,1
3023,2,0
3024,1,1
3025,2,0
3026,1,1
3027,2,0
3028,1,1
3029,2,0
3030,1,1
3031,2,0
3032,1,1
3033,2,0
3034,1,1
3035,2,0
3036,1,1
3037,2,0
3038,1,1
3039,2,0
3040,1,1
3041,2,0
3042,1,1
3043,2,0
3044,1,1
3045,2,0
3046,1,1
3047,2,0
3048,1,1
3049,2,0
3050,1,1
3051,2,0
3052,1,1
3053,2,0
3054,1,1
3055,2,0
3056,1,1
3057,2,0
3058,1,1
3059,2,0
3060,1,1
3061,2,0
3062,1,1
3063,2,0
3064,1,1
3065,2,0
3066,1,1
3067,2,0
3068,1,1
3069,2,0
3070,1,1
3071,2,0
3072,1,1
3073,2,0
3074,1,1
3075,2,0
3076,1,1
3077,2,0
3078,1,1
3079,2,0
3080,1,1
3081,2,0
3082,1,1
3083,2,0
3084,1,1
3085,2,0
3086,1,1
3087,2,0
3088,1,1
3089,2,0
3090,1,1
3091,2,0
3092,1,1
3093,2,0
3094,1,1
3095,2,0
3096,1,1
3097,2,0
3098,1,1
3099,2,0
3100,1,1
3101,2,0
3102,1,1
3103,2,0
3104,1,1
3105,2,0
3106,1,1
3107,2,0
3108,1,1
3109,2,0
3110,1,1
3111,2,0
3112,1,1
3113,2,0
3114,1,1
3115,2,0
3116,1,1
3117,2,0
3118,1,1
3119,2,0
3120,1,1
3121,2,0
3122,1,1
3123,2,0
3124,1,1
3125,2,0
3126,1,1
3127,2,0
3128,1,1
3129,2,0
3130,1,1
3131,2,0
3132,1,1
3133,2,0
3134,1,1
3135,2,0
3136,1,1
3137,2,0
3138,1,1
3139,2,0
3140,1,1
3141,2,0
3142,1,1
3143,2,0
3144,1,1
3145,2,0
3146,1,1
3147,2,0
3148,1,1
3149,2,0
3150,1,1
3151,2,0
3152,1,1
3153,2,0
3154,1,1
3155,2,0
3156,1,1
3157,2,0
3158,1,1
3159,2,0
3160,1,1
3161,2,0
3162,1,1
3163,2,0
3164,1,1
3165,2,0
3166,1,1
3167,2,0
3168,1,1
3169,2,0
3170,1,1
3171,2,0
3172,1,1
3173,2,0
3174,1,1
3175,2,0
3176,1,1
3177,2,0
3178,1,1
3179,2,0
3180,1,1
3181,2,0
3182,1,1
3183,2,0
3184,1,1
3185,2,0
3186,1,1
3187,2,0
3188,1,1
3189,2,0
3190,1,1
3191,2,0
3192,1,1
3193,2,0
3194,1,1
3195,2,0
3196,1,1
3197,2,0
3198,1,1
3199,2,0
3200,1,1
3201,2,0
3202,1,1
3203,2,0
3204,1,1
3205,2,0
3206,1,1
3207,2,0
3208,1,1
3209,2,0
3210,1,1
3211,2,0
3212,1,1
3213,2,0
3214,1,1
3215,2,0
3216,1,1
3217,2,0
3218,1,1
3219,2,0
3220,1,1
3221,2,0
3222,1,1
3223,2,0
3224,1,1
3225,2,0
3226,1,1
3227,2,0
3228,1,1
3229,2,0
3230,1,1
3231,2,0
3232,1,1
3233,2,0
3234,1,1
3235,2,0
3236,1,1
3237,2,0
3238,1,1
3239,2,0
3240,1,1
3241,2,0
3242,1,1
3243,2,0
3244,1,1
3245,2,0
3246,1,1
3247,2,0
3248,1,1
3249,2,0
3250,1,1
3251,2,0
3252,1,1
3253,2,0
3254,1,1
3255,2,0
3256,1,1
3257,2,0
3258,1,1
3259,2,0
3260,1,1
3261,2,0
3262,1,1
3263,2,0
3264,1,1
3265,2,0
3266,1,1
3267,2,0
3268,1,1
3269,2,0
3270,1,1
3271,2,0
3272,1,1
3273,2,0
3274,1,1
3275,2,0
3276,1,1
3277,2,0
3278,1,1
3279,2,0
3280,1,1
3281,2,0
3282,1,1
3283,2,0
3284,1,1
3285,2,0
3286,1,1
3287,2,0
3288,1,1
3289,2,0
3290,1,1
3291,2,0
3292,1,1
3293,2,0
3294,1,1
3295,2,0
3296,1,1
3297,2,0
3298,1,1
3299,2,0
3300,1,1
3301,2,0
3302,1,1
3303,2,0
3304,1,1
3305,2,0
3306,1,1
3307,2,0
3308,1,1
3309,2,0
3310,1,1
3311,2,0
3312,1,1
3313,2,0
3314,1,1
3315,2,0
3316,1,1
3317,2,0
3318,1,1
3319,2,0
3320,1,1
3321,2,0
3322,1,1
3323,2,0
3324,1,1
3325,2,0
3326,1,1
3327,2,0
3328,1,1
3329,2,0
3330,1,1
3331,2,0
3332,1,1
3333,2,0
3334,1,1
3335,2,0
3336,1,1
3337,2,0
3338,1,1
3339,2,0
3340,1,1
3341,2,0
3342,1,1
3343,2,0
3344,1,1
3345,2,0
3346,1,1
3347,2,0
3348,1,1
3349,2,0
3350,1,1
3351,2,0
3352,1,1
3353,2,0
3354,1,1
3355,2,0
3356,1,1
3357,2,0
3358,1,1
3359,2,0
3360,1,1
3361,2,0
3362,1,1
3363,2,0
3364,1,1
3365,2,0
3366,1,1
3367,2,0
3368,1,1
3369,2,0
3370,1,1
3371,2,0
3372,1,1
3373,2,0
3374,1,1
3375,2,0
3376,1,1
3377,2,0
3378,1,1
3379,2,0
3380,1,1
3381,2,0
3382,1,1
3383,2,0
3384,1,1
3385,2,0
3386,1,1
3387,2,0
3388,1,1
3389,2,0
3390,1,1
3391,2,0
3392,1,1
3393,2,0
3394,1,1
3395,2,0
3396,1,1
3397,2,0
3398,1,1
3399,2,0
3400,1,1
3401,2,0
3402,1,1
3403,2,0
3404,1,1
3405,2,0
3406,1,1
3407,2,0
3408,1,1
3409,2,0
3410,1,1
3411,2,0
3412,1,1
3413,2,0
3414,1,1
3415,2,0
3416,1,1
3417,2,0
3418,1,1
3419,2,0
3420,1,1
3421,2,0
3422,1,1
3423,2,0
3424,1,1
3425,2,0
3426,1,1
3427,2,0
3428,1,1
3429,2,0
3430,1,1
3431,2,0
3432,1,1
3433,2,0
3434,1,1
3435,2,0
3436,1,1
3437,2,0
3438,1,1
3439,2,0
3440,1,1
3441,2,0
3442,1,1
3443,2,0
3444,1,1
3445,2,0
3446,1,1
3447,2,0
3448,1,1
3449,2,0
3450,1,1
3451,2,0
3452,1,1
3453,2,0
3454,1,1
3455,2,0
3456,1,1
3457,2,0
3458,1,1
3459,2,0
3460,1,1
3461,2,0
3462,1,1
3463,2,0
3464,1,1
3465,2,0
3466,1,1
3467,2,0
3468,1,1
3469,2,0
3470,1,1
3471,2,0
3472,1,1
3473,2,0
3474,1,1
3475,2,0
3476,1,1
3477,2,0
3478,1,1
3479,2,0
3480,1,1
3481,2,0
3482,1,1
3483,2,0
3484,1,1
3485,2,0
3486,1,1
3487,2,0
3488,1,1
3489,2,0
3490,1,1
3491,2,0
3492,1,1
3493,2,0
3494,1,1
3495,2,0
3496,1,1
3497,2,0
3498,1,1
3499,2,0
3500,1,1
3501,2,0
3502,1,1
3503,2,0
3504,1,1
3505,2,0
3506,1,1
3507,2,0
3508,1,1
3509,2,0
3510,1,1
3511,2,0
3512,1,1
3513,2,0
3514,1,1
3515,2,0
3516,1,1
3517,2,0
3518,1,1
3519,2,0
3520,1,1
3521,2,0
3522,1,1
3523,2,0
3524,1,1
3525,2,0
3526,1,1
3527,2,0
3528,1,1
3529,2,0
3530,1,1
3531,2,0
3532,1,1
3533,2,0
3534,1,1
3535,2,0
3536,1,1
3537,2,0
3538,1,1
3539,2,0
3540,1,1
3541,2,0
3542,1,1
3543,2,0
3544,1,1
3545,2,0
3546,1,1
3547,2,0
3548,1,1
3549,2,0
3550,1,1
3551,2,0
3552,1,1
3553,2,0
3554,1,1
3555,2,0
3556,1,1
3557,2,0
3558,1,1
3559,2,0
3560,1,1
3561,2,0
3562,1,1
3563,2,0
3564,1,1
3565,2,0
3566,1,1
3567,2,0
3568,1,1
3569,2,0
3570,1,1
3571,2,0
3572,1,1
3573,2,0
3574,1,1
3575,2,0
3576,1,1
3577,2,0
3578,1,1
3579,2,0
3580,1,1
3581,2,0
3582,1,1
3583,2,0
3584,1,1
3585,2,0
3586,1,1
3587,2,0
3588,1,1
3589,2,0
3590,1,1
3591,2,0
3592,1,1
3593,2,0
3594,1,1
3595,2,0
3596,1,1
3597,2,0
3598,1,1
3599,2,0
3600,1,1
3601,2,0
3602,1,1
3603,2,0
3604,1,1
3605,2,0
3606,1,1
3607,2,0
3608,1,1
3609,2,0
3610,1,1
3611,2,0
3612,1,1
3613,2,0
3614,1,1
3615,2,0
3616,1,1
3617,2,0
3618,1,1
3619,2,0
3620,1,1
3621,2,0
3622,1,1
3623,2,0
3624,1,1
3625,2,0
3626,1,1
3627,2,0
3628,1,1
3629,2,0
3630,1,1
3631,2,0
3632,1,1
3633,2,0
3634,1,1
3635,2,0
3636,1,1
3637,2,0
3638,1,1
3639,2,0
3640,1,1
3641,2,0
3642,1,1
3643,2,0
3644,1,1
3645,2,0
3646,1,1
3647,2,0
3648,1,1
3649,2,0
3650,1,1
3651,2,0
3652,1,1
3653,2,0
3654,1,1
3655,2,0
3656,1,1
3657,2,0
3658,1,1
3659,2,0
3660,1,1
3661,2,0
3662,1,1
3663,2,0
3664,1,1
3665,2,0
3666,1,1
3667,2,0
3668,1,1
3669,2,0
3670,1,1
3671,2,0
3672,1,1
3673,2,0
3674,1,1
3675,2,0
3676,1,1
3677,2,0
3678,1,1
3679,2,0
3680,1,1
3681,2,0
3682,1,1
3683,2,0
3684,1,1
3685,2,0
3686,1,1
3687,2,0
3688,1,1
3689,2,0
3690,1,1
3691,2,0
3692,1,1
3693,2,0
3694,1,1
3695,2,0
3696,1,1
3697,2,0
3698,1,1
3699,2,0
3700,1,1
3701,2,0
3702,1,1
3703,2,0
3704,1,1
3705,2,0
3706,1,1
3707,2,0
3708,1,1
3709,2,0
3710,1,1
3711,2,0
3712,1,1
3713,2,0
3714,1,1
3715,2,0
3716,1,1
3717,2,0
3718,1,1
3719,2,0
3720,1,1
3721,2,0
3722,1,1
3723,2,0
3724,1,1
3725,2,0
3726,1,1
3727,2,0
3728,1,1
3729,2,0
3730,1,1
3731,2,0
3732,1,1
3733,2,0
3734,1,1
3735,2,0
3736,1,1
3737,2,0
3738,1,1
3739,2,0
3740,1,1
3741,2,0
3742,1,1
3743,2,0
3744,1,1
3745,2,0
3746,1,1
3747,2,0
3748,1,1
3749,2,0
3750,1,1
3751,2,0
3752,1,1
3753,2,0
3754,1,1
3755,2,0
3756,1,1
3757,2,0
3758,1,1
3759,2,0
3760,1,1
3761,2,0
3762,1,1
3763,2,0
3764,1,1
3765,2,0
3766,1,1
3767,2,0
3768,1,1
3769,2,0
3770,1,1
3771,2,0
3772,1,1
3773,2,0
3774,1,1
3775,2,0
3776,1,1
3777,2,0
3778,1,1
3779,2,0
3780,1,1
3781,2,0
3782,1,1
3783,2,0
3784,1,1
3785,2,0
3786,1,1
3787,2,0
3788,1,1
3789,2,0
3790,1,1
3791,2,0
3792,1,1
3793,2,0
3794,1,1
3795,2,0
3796,1,1
3797,2,0
3798,1,1
3799,2,0
3800,1,1
3801,2,0
3802,1,1
3803,2,0
3804,1,1
3805,2,0
3806,1,1
3807,2,0
3808,1,1
3809,2,0
3810,1,1
3811,2,0
3812,1,1
3813,2,0
3814,1,1
3815,2,0
3816,1,1
3817,2,0
3818,1,1
3819,2,0
3820,1,1
3821,2,0
3822,1,1
3823,2,0
3824,1,1
3825,2,0
3826,1,1
3827,2,0
3828,1,1
3829,2,0
3830,1,1
3831,2,0
3832,1,1
3833,2,0
3834,1,1
3835,2,0
3836,1,1
3837,2,0
3838,1,1
3839,2,0
3840,1,1
3841,2,0
3842,1,1
3843,2,0
3844,1,1
3845,2,0
3846,1,1
3847,2,0
3848,1,1
3849,2,0
3850,1,1
3851,2,0
3852,1,1
3853,2,0
3854,1,1
3855,2,0
3856,1,1
3857,2,0
3858,1,1
3859,2,0
3860,1,1
3861,2,0
3862,1,1
3863,2,0
3864,1,1
3865,2,0
3866,1,1
3867,2,0
3868,1,1
3869,2,0
3870,1,1
3871,2,0
3872,1,1
3873,2,0
3874,1,1
3875,2,0
3876,1,1
3877,2,0
3878,1,1
3879,2,0
3880,1,1
3881,2,0
3882,1,1
3883,2,0
3884,1,1
3885,2,0
3886,1,1
3887,2,0
3888,1,1
3889,2,0
3890,1,1
3891,2,0
3892,1,1
3893,2,0
3894,1,1
3895,2,0
3896,1,1
3897,2,0
3898,1,1
3899,2,0
3900,1,1
3901,2,0
3902,1,1
3903,2,0
3904,1,1
3905,2,0
3906,1,1
3907,2,0
3908,1,1
3909,2,0
3910,1,1
3911,2,0
3912,1,1
3913,2,0
3914,1,1
3915,2,0
3916,1,1
3917,2,0
3918,1,1
3919,2,0
3920,1,1
3921,2,0
3922,1,1
3923,2,0
3924,1,1
3925,2,0
3926,1,1
3927,2,0
3928,1,1
3929,2,0
3930,1,1
3931,2,0
3932,1,1
3933,2,0
3934,1,1
3935,2,0
3936,1,1
3937,2,0
3938,1,1
3939,2,0
3940,1,1
3941,2,0
3942,1,1
3943,2,0
3944,1,1
3945,2,0
3946,1,1
3947,2,0
3948,1,1
3949,2,0
3950,1,1
3951,2,0
3952,1,1
3953,2,0
3954,1,1
3955,2,0
3956,1,1
3957,2,0
3958,1,1
3959,2,0
3960,1,1
3961,2,0
3962,1,1
3963,2,0
3964,1,1
3965,2,0
3966,1,1
3967,2,0
3968,1,1
3969,2,0
3970,1,1
3971,2,0
3972,1,1
3973,2,0
3974,1,1
3975,2,0
3976,1,1
3977,2,0
3978,1,1
3979,2,0
3980,1,1
3981,2,0
3982,1,1
3983,2,0
3984,1,1
3985,2,0
3986,1,1
3987,2,0
3988,1,1
3989,2,0
3990,1,1
3991,2,0
3992,1,1
3993,2,0
3994,1,1
3995,2,0
3996,1,1
3997,2,0
3998,1,1
3999,2,0
4000,1,1
4001,2,0
4002,1,1
4003,2,0
4004,1,1
4005,2,0
4006,1,1
4007,2,0
4008,1,1
4009,2,0
4010,1,1
4011,2,0
4012,1,1
4013,2,0
4014,1,1
4015,2,0
4016,1,1
4017,2,0
4018,1,1
4019,2,0
4020,1,1
4021,2,0
4022,1,1
4023,2,0
4024,1,1
4025,2,0
4026,1,1
4027,2,0
4028,1,1
4029,2,0
4030,1,1
4031,2,0
4032,1,1
4033,2,0
4034,1,1
4035,2,0
4036,1,1
4037,2,0
4038,1,1
4039,2,0
4040,1,1
4041,2,0
4042,1,1
4043,2,0
4044,1,1
4045,2,0
4046,1,1
4047,2,0
4048,1,1
4049,2,0
4050,1,1
4051,2,0
4052,1,1
4053,2,0
4054,1,1
4055,2,0
4056,1,1
4057,2,0
4058,1,1
4059,2,0
4060,1,1
4061,2,0
4062,1,1
4063,2,0
4064,1,1
4065,2,0
4066,1,1
4067,2,0
4068,1,1
4069,2,0
4070,1,1
4071,2,0
4072,1,1
4073,2,0
4074,1,1
4075,2,0
4076,1,1
4077,2,0
4078,1,1
4079,2,0
4080,1,1
4081,2,0
4082,1,1
4083,2,0
4084,1,1
4085,2,0
4086,1,1
4087,2,0
4088,1,1
4089,2,0
4090,1,1
4091,2,0
4092,1,1
4093,2,0
4094,1,1
4095,2,0
4096,1,1
4097,2,0
4098,1,1
4099,2,0
4100,1,1
4101,2,0
4102,1,1
4103,2,0
4104,1,1
4105,2,0
4106,1,1
4107,2,0
4108,1,1
4109,2,0
4110,1,1
4111,2,0
4112,1,1
4113,2,0
4114,1,1
4115,2,0
4116,1,1
4117,2,0
4118,1,1
4119,2,0
4120,1,1
4121,2,0
4122,1,1
4123,2,0
4124,1,1
4125,2,0
4126,1,1
4127,2,0
4128,1,1
4129,2,0
4130,1,1
4131,2,0
4132,1,1
4133,2,0
4134,1,1
4135,2,0
4136,1,1
4137,2,0
4138,1,1
4139,2,0
4140,1,1
4141,2,0
4142,1,1
4143,2,0
4144,1,1
4145,2,0
4146,1,1
4147,2,0
4148,1,1
4149,2,0
4150,1,1
4151,2,0
4152,1,1
4153,2,0
4154,1,1
4155,2,0
4156,1,1
4157,2,0
4158,1,1
4159,2,0
4160,1,1
4161,2,0
4162,1,1
4163,2,0
4164,1,1
4165,2,0
4166,1,1
4167,2,0
4168,1,1
4169,2,0
4170,1,1
4171,2,0
4172,1,1
4173,2,0
4174,1,1
4175,2,0
4176,1,1
4177,2,0
4178,1,1
4179,2,0
4180,1,1
4181,2,0
4182,1,1
4183,2,0
4184,1,1
4185,2,0
4186,1,1
4187,2,0
4188,1,1
4189,2,0
4190,1,1
4191,2,0
4192,1,1
4193,2,0
4194,1,1
4195,2,0
4196,1,1
4197,2,0
4198,1,1
4199,2,0
4200,1,1
4201,2,0
4202,1,1
4203,2,0
4204,1,1
4205,2,0
4206,1,1
4207,2,0
4208,1,1
4209,2,0
4210,1,1
4211,2,0
4212,1,1
4213,2,0
4214,1,1
4215,2,0
4216,1,1
4217,2,0
4218,1,1
4219,2,0
4220,1,1
4221,2,0
4222,1,1
4223,2,0
4224,1,1
4225,2,0
4226,1,1
4227,2,0
4228,1,1
4229,2,0
4230,1,1
4231,2,0
4232,1,1
4233,2,0
4234,1,1
4235,2,0
4236,1,1
4237,2,0
4238,1,1
4239,2,0
4240,1,1
4241,2,0
4242,1,1
4243,2,0
4244,1,1
4245,2,0
4246,1,1
4247,2,0
4248,1,1
4249,2,0
4250,1,1
4251,2,0
4252,1,1
4253,2,0
4254,1,1
4255,2,0
4256,1,1
4257,2,0
4258,1,1
4259,2,0
4260,1,1
4261,2,0
4262,1,1
4263,2,0
4264,1,1
4265,2,0
4266,1,1
4267,2,0
4268,1,1
4269,2,0
4270,1,1
4271,2,0
4272,1,1
4273,2,0
4274,1,1
4275,2,0
4276,1,1
4277,2,0
4278,1,1
4279,2,0
4280,1,1
4281,2,0
4282,1,1
4283,2,0
4284,1,1
4285,2,0
4286,1,1
4287,2,0
4288,1,1
4289,2,0
4290,1,1
4291,2,0
4292,1,1
4293,2,0
4294,1,1
4295,2,0
4296,1,1
4297,2,0
4298,1,1
4299,2,0
4300,1,1
4301,2,0
4302,1,1
4303,2,0
4304,1,1
4305,2,0
4306,1,1
4307,2,0
4308,1,1
4309,2,0
4310,1,1
4311,2,0
4312,1,1
4313,2,0
4314,1,1
4315,2,0
4316,1,1
4317,2,0
4318,1,1
4319,2,0
4320,1,1
4321,2,0
4322,1,1
4323,2,0
4324,1,1
4325,2,0
4326,1,1
4327,2,0
4328,1,1
4329,2,0
4330,1,1
4331,2,0
4332,1,1
4333,2,0
4334,1,1
4335,2,0
4336,1,1
4337,2,0
4338,1,1
4339,2,0
4340,1,1
4341,2,0
4342,1,1
4343,2,0
4344,1,1
4345,2,0
4346,1,1
4347,2,0
4348,1,1
4349,2,0
4350,1,1
4351,2,0
4352,1,1
4353,2,0
4354,1,1
4355,2,0
4356,1,1
4357,2,0
4358,1,1
4359,2,0
4360,1,1
4361,2,0
4362,1,1
4363,2,0
4364,1,1
4365,2,0
4366,1,1
4367,2,0
4368,1,1
4369,2,0
4370,1,1
4371,2,0
4372,1,1
4373,2,0
4374,1,1
4375,2,0
4376,1,1
4377,2,0
4378,1,1
4379,2,0
4380,1,1
4381,2,0
4382,1,1
4383,2,0
4384,1,1
4385,2,0
4386,1,1
4387,2,0
4388,1,1
4389,2,0
4390,1,1
4391,2,0
4392,1,1
4393,2,0
4394,1,1
4395,2,0
4396,1,1
4397,2,0
4398,1,1
4399,2,0
4400,1,1
4401,2,0
4402,1,1
4403,2,0
4404,1,1
4405,2,0
4406,1,1
4407,2,0
4408,1,1
4409,2,0
4410,1,1
4411,2,0
4412,1,1
4413,2,0
4414,1,1
4415,2,0
4416,1,1
4417,2,0
4418,1,1
4419,2,0
4420,1,1
4421,2,0
4422,1,1
4423,2,0
4424,1,1
4425,2,0
4426,1,1
4427,2,0
4428,1,1
4429,2,0
4430,1,1
4431,2,0
4432,1,1
4433,2,0
4434,1,1
4435,2,0
4436,1,1
4437,2,0
4438,1,1
4439,2,0
4440,1,1
4441,2,0
4442,1,1
4443,2,0
4444,1,1
4445,2,0
4446,1,1
4447,2,0
4448,1,1
4449,2,0
4450,1,1
4451,2,0
4452,1,1
4453,2,0
4454,1,1
4455,2,0
4456,1,1
4457,2,0
4458,1,1
4459,2,0
4460,1,1
4461,2,0
4462,1,1
4463,2,0
4464,1,1
4465,2,0
4466,1,1
4467,2,0
4468,1,1
4469,2,0
4470,1,1
4471,2,0
4472,1,1
4473,2,0
4474,1,1
4475,2,0
4476,1,1
4477,2,0
4478,1,1
4479,2,0
4480,1,1
4481,2,0
4482,1,1
4483,2,0
4484,1,1
4485,2,0
4486,1,1
4487,2,0
4488,1,1
4489,2,0
4490,1,1
4491,2,0
4492,1,1
4493,2,0
4494,1,1
4495,2,0
4496,1,1
4497,2,0
4498,1,1
4499,2,0
4500,1,1
4501,2,0
4502,1,1
4503,2,0
4504,1,1
4505,2,0
4506,1,1
4507,2,0
4508,1,1
4509,2,0
4510,1,1
4511,2,0
4512,1,1
4513,2,0
4514,1,1
4515,2,0
4516,1,1
4517,2,0
4518,1,1
4519,2,0
4520,1,1
4521,2,0
4522,1,1
4523,2,0
4524,1,1
4525,2,0
4526,1,1
4527,2,0
4528,1,1
4529,2,0
4530,1,1
4531,2,0
4532,1,1
4533,2,0
4534,1,1
4535,2,0
4536,1,1
4537,2,0
4538,1,1
4539,2,0
4540,1,1
4541,2,0
4542,1,1
4543,2,0
4544,1,1
4545,2,0
4546,1,1
4547,2,0
4548,1,1
4549,2,0
4550,1,1
4551,2,0
4552,1,1
4553,2,0
4554,1,1
4555,2,0
4556,1,1
4557,2,0
4558,1,1
4559,2,0
4560,1,1
4561,2,0
4562,1,1
4563,2,0
4564,1,1
4565,2,0
4566,1,1
4567,2,0
4568,1,1
4569,2,0
4570,1,1
4571,2,0
4572,1,1
4573,2,0
4574,1,1
4575,2,0
4576,1,1
4577,2,0
4578,1,1
4579,2,0
4580,1,1
4581,2,0
4582,1,1
4583,2,0
4584,1,1
4585,2,0
4586,1,1
4587,2,0
4588,1,1
4589,2,0
4590,1,1
4591,2,0
4592,1,1
4593,2,0
4594,1,1
4595,2,0
4596,1,1
4597,2,0
4598,1,1
4599,2,0
4600,1,1
4601,2,0
4602,1,1
4603,2,0
4604,1,1
4605,2,0
4606,1,1
4607,2,0
4608,1,1
4609,2,0
4610,1,1
4611,2,0
4612,1,1
4613,2,0
4614,1,1
4615,2,0
4616,1,1
4617,2,0
4618,1,1
4619,2,0
4620,1,1
4621,2,0
4622,1,1
4623,2,0
4624,1,1
4625,2,0
4626,1,1
4627,2,0
4628,1,1
4629,2,0
4630,1,1
4631,2,0
4632,1,1
4633,2,0
4634,1,1
4635,2,0
4636,1,1
4637,2,0
4638,1,1
4639,2,0
4640,1,1
4641,2,0
4642,1,1
4643,2,0
4644,1,1
4645,2,0
4646,1,1
4647,2,0
4648,1,1
4649,2,0
4650,1,1
4651,2,0
4652,1,1
4653,2,0
4654,1,1
4655,2,0
4656,1,1
4657,2,0
4658,1,1
4659,2,0
4660,1,1
4661,2,0
4662,1,1
4663,2,0
4664,1,1
4665,2,0
4666,1,1
4667,2,0
4668,1,1
4669,2,0
4670,1,1
4671,2,0
4672,1,1
4673,2,0
4674,1,1
4675,2,0
4676,1,1
4677,2,0
4678,1,1
4679,2,0
4680,1,1
4681,2,0
4682,1,1
4683,2,0
4684,1,1
4685,2,0
4686,1,1
4687,2,0
4688,1,1
4689,2,0
4690,1,1
4691,2,0
4692,1,1
4693,2,0
4694,1,1
4695,2,0
4696,1,1
4697,2,0
4698,1,1
4699,2,0
4700,1,1
4701,2,0
4702,1,1
4703,2,0
4704,1,1
4705,2,0
4706,1,1
4707,2,0
4708,1,1
4709,2,0
4710,1,1
4711,2,0
4712,1,1
4713,2,0
4714,1,1
4715,2,0
4716,1,1
4717,2,0
4718,1,1
4719,2,0
4720,1,1
4721,2,0
4722,1,1
4723,2,0
4724,1,1
4725,2,0
4726,1,1
4727,2,0
4728,1,1
4729,2,0
4730,1,1
4731,2,0
4732,1,1
4733,2,0
4734,1,1
4735,2,0
4736,1,1
4737,2,0
4738,1,1
4739,2,0
4740,1,1
4741,2,0
4742,1,1
4743,2,0
4744,1,1
4745,2,0
4746,1,1
4747,2,0
4748,1,1
4749,2,0
4750,1,1
4751,2,0
4752,1,1
4753,2,0
4754,1,1
4755,2,0
4756,1,1
4757,2,0
4758,1,1
4759,2,0
4760,1,1
4761,2,0
4762,1,1
4763,2,0
4764,1,1
4765,2,0
4766,1,1
4767,2,0
4768,1,1
4769,2,0
4770,1,1
4771,2,0
4772,1,1
4773,2,0
4774,1,1
4775,2,0
4776,1,1
4777,2,0
4778,1,1
4779,2,0
4780,1,1
4781,2,0
4782,1,1
4783,2,0
4784,1,1
4785,2,0
4786,1,1
4787,2,0
4788,1,1
4789,2,0
4790,1,1
4791,2,0
4792,1,1
4793,2,0
4794,1,1
4795,2,0
4796,1,1
4797,2,0
4798,1,1
4799,2,0
4800,1,1
4801,2,0
4802,1,1
4803,2,0
4804,1,1
4805,2,0
4806,1,1
4807,2,0
4808,1,1
4809,2,0
4810,1,1
4811,2,0
4812,1,1
4813,2,0
4814,1,1
4815,2,0
4816,1,1
4817,2,0
4818,1,1
4819,2,0
4820,1,1
4821,2,0
4822,1,1
4823,2,0
4824,1,1
4825,2,0
4826,1,1
4827,2,0
4828,1,1
4829,2,0
4830,1,1
4831,2,0
4832,1,1
4833,2,0
4834,1,1
4835,2,0
4836,1,1
4837,2,0
4838,1,1
4839,2,0
4840,1,1
4841,2,0
4842,1,1
4843,2,0
4844,1,1
4845,2,0
4846,1,1
4847,2,0
4848,1,1
4849,2,0
4850,1,1
4851,2,0
4852,1,1
4853,2,0
4854,1,1
4855,2,0
4856,1,1
4857,2,0
4858,1,1
4859,2,0
4860,1,1
4861,2,0
4862,1,1
4863,2,0
4864,1,1
4865,2,0
4866,1,1
4867,2,0
4868,1,1
4869,2,0
4870,1,1
4871,2,0
4872,1,1
4873,2,0
4874,1,1
4875,2,0
4876,1,1
4877,2,0
4878,1,1
4879,2,0
4880,1,1
4881,2,0
4882,1,1
4883,2,0
4884,1,1
4885,2,0
4886,1,1
4887,2,0
4888,1,1
4889,2,0
4890,1,1
4891,2,0
4892,1,1
4893,2,0
4894,1,1
4895,2,0
4896,1,1
4897,2,0
4898,1,1
4899,2,0
4900,1,1
4901,2,0
4902,1,1
4903,2,0
4904,1,1
4905,2,0
4906,1,1
4907,2,0
4908,1,1
4909,2,0
4910,1,1
4911,2,0
4912,1,1
4913,2,0
4914,1,1
4915,2,0
4916,1,1
4917,2,0
4918,1,1
4919,2,0
4920,1,1
4921,2,0
4922,1,1
4923,2,0
4924,1,1
4925,2,0
4926,1,1
4927,2,0
4928,1,1
4929,2,0
4930,1,1
4931,2,0
4932,1,1
4933,2,0
4934,1,1
4935,2,0
4936,1,1
4937,2,0
4938,1,1
4939,2,0
4940,1,1
4941,2,0
4942,1,1
4943,2,0
4944,1,1
4945,2,0
4946,1,1
4947,2,0
4948,1,1
4949,2,0
4950,1,1
4951,2,0
4952,1,1
4953,2,0
4954,1,1
4955,2,0
4956,1,1
4957,2,0
4958,1,1
4959,2,0
4960,1,1
4961,2,0
4962,1,1
4963,2,0
4964,1,1
4965,2,0
4966,1,1
4967,2,0
4968,1,1
4969,2,0
4970,1,1
4971,2,0
4972,1,1
4973,2,0
4974,1,1
4975,2,0
4976,1,1
4977,2,0
4978,1,1
4979,2,0
4980,1,1
4981,2,0
4982,1,1
4983,2,0
4984,1,1
4985,2,0
4986,1,1
4987,2,0
4988,1,1
4989,2,0
4990,1,1
4991,2,0
4992,1,1
4993,2,0
4994,1,1
4995,2,0
4996,1,1
4997,2,0
4998,1,1
4999,2,0
5000,1,1
5001,2,0
5002,1,1
5003,2,0
5004,1,1
5005,2,0
5006,1,1
5007,2,0
5008,1,1
5009,2,0
5010,1,1
5011,2,0
5012,1,1
5013,2,0
5014,1,1
5015,2,0
5016,1,1
5017,2,0
5018,1,1
5019,2,0
5020,1,1
5021,2,0
5022,1,1
5023,2,0
5024,1,1
5025,2,0
5026,1,1
5027,2,0
5028,1,1
5029,2,0
5030,1,1
5031,2,0
5032,1,1
5033,2,0
5034,1,1
5035,2,0
5036,1,1
5037,2,0
5038,1,1
5039,2,0
5040,1,1
5041,2,0
5042,1,1
5043,2,0
5044,1,1
5045,2,0
5046,1,1
5047,2,0
5048,1,1
5049,2,0
5050,1,1
5051,2,0
5052,1,1
5053,2,0
5054,1,1
5055,2,0
5056,1,1
5057,2,0
5058,1,1
5059,2,0
5060,1,1
5061,2,0
5062,1,1
5063,2,0
5064,1,1
5065,2,0
5066,1,1
5067,2,0
5068,1,1
5069,2,0
5070,1,1
5071,2,0
5072,1,1
5073,2,0
5074,1,1
5075,2,0
5076,1,1
5077,2,0
5078,1,1
5079,2,0
5080,1,1
5081,2,0
5082,1,1
5083,2,0
5084,1,1
5085,2,0
5086,1,1
5087,2,0
5088,1,1
5089,2,0
5090,1,1
5091,2,0
5092,1,1
5093,2,0
5094,1,1
5095,2,0
5096,1,1
5097,2,0
5098,1,1
5099,2,0
5100,1,1
5101,2,0
5102,1,1
5103,2,0
5104,1,1
5105,2,0
5106,1,1
5107,2,0
5108,1,1
5109,2,0
5110,1,1
5111,2,0
5112,1,1
5113,2,0
5114,1,1
5115,2,0
5116,1,1
5117,2,0
5118,1,1
5119,2,0
5120,1,1
5121,2,0
5122,1,1
5123,2,0
5124,1,1
5125,2,0
5126,1,1
5127,2,0
5128,1,1
5129,2,0
5130,1,1
5131,2,0
5132,1,1
5133,2,0
5134,1,1
5135,2,0
5136,1,1
5137,2,0
5138,1,1
5139,2,0
5140,1,1
5141,2,0
5142,1,1
5143,2,0
5144,1,1
5145,2,0
5146,1,1
5147,2,0
5148,1,1
5149,2,0
5150,1,1
5151,2,0
5152,1,1
5153,2,0
5154,1,1
5155,2,0
5156,1,1
5157,2,0
5158,1,1
5159,2,0
5160,1,1
5161,2,0
5162,1,1
5163,2,0
5164,1,1
5165,2,0
5166,1,1
5167,2,0
5168,1,1
5169,2,0
5170,1,1
5171,2,0
5172,1,1
5173,2,0
5174,1,1
5175,2,0
5176,1,1
5177,2,0
5178,1,1
5179,2,0
5180,1,1
5181,2,0
5182,1,1
5183,2,0
5184,1,1
5185,2,0
5186,1,1
5187,2,0
5188,1,1
5189,2,0
5190,1,1
5191,2,0
5192,1,1
5193,2,0
5194,1,1
5195,2,0
5196,1,1
5197,2,0
5198,1,1
5199,2,0
5200,1,1
5201,2,0
5202,1,1
5203,2,0
5204,1,1
5205,2,0
5206,1,1
5207,2,0
5208,1,1
5209,2,0
5210,1,1
5211,2,0
5212,1,1
5213,2,0
5214,1,1
5215,2,0
5216,1,1
5217,2,0
5218,1,1
5219,2,0
5220,1,1
5221,2,0
5222,1,1
5223,2,0
5224,1,1
5225,2,0
5226,1,1
5227,2,0
5228,1,1
5229,2,0
5230,1,1
5231,2,0
5232,1,1
5233,2,0
5234,1,1
5235,2,0
5236,1,1
5237,2,0
5238,1,1
5239,2,0
5240,1,1
5241,2,0
5242,1,1
5243,2,0
5244,1,1
5245,2,0
5246,1,1
5247,2,0
5248,1,1
5249,2,0
5250,1,1
5251,2,0
5252,1,1
5253,2,0
5254,1,1
5255,2,0
5256,1,1
5257,2,0
5258,1,1
5259,2,0
5260,1,1
5261,2,0
5262,1,1
5263,2,0
5264,1,1
5265,2,0
5266,1,1
5267,2,0
5268,1,1
5269,2,0
5270,1,1
5271,2,0
5272,1,1
5273,2,0
5274,1,1
5275,2,0
5276,1,1
5277,2,0
5278,1,1
5279,2,0
5280,1,1
5281,2,0
5282,1,1
5283,2,0
5284,1,1
5285,2,0
5286,1,1
5287,2,0
5288,1,1
5289,2,0
5290,1,1
5291,2,0
5292,1,1
5293,2,0
5294,1,1
5295,2,0
5296,1,1
5297,2,0
5298,1,1
5299,2,0
5300,1,1
5301,2,0
5302,1,1
5303,2,0
5304,1,1
5305,2,0
5306,1,1
5307,2,0
5308,1,1
5309,2,0
5310,1,1
5311,2,0
5312,1,1
5313,2,0
5314,1,1
5315,2,0
5316,1,1
5317,2,0
5318,1,1
5319,2,0
5320,1,1
5321,2,0
5322,1,1
5323,2,0
5324,1,1
5325,2,0
5326,1,1
5327,2,0
5328,1,1
5329,2,0
5330,1,1
5331,2,0
5332,1,1
5333,2,0
5334,1,1
5335,2,0
5336,1,1
5337,2,0
5338,1,1
5339,2,0
5340,1,1
5341,2,0
5342,1,1
5343,2,0
5344,1,1
5345,2,0
5346,1,1
5347,2,0
5348,1,1
5349,2,0
5350,1,1
5351,2,0
5352,1,1
5353,2,0
5354,1,1
5355,2,0
5356,1,1
5357,2,0
5358,1,1
5359,2,0
5360,1,1
5361,2,0
5362,1,1
5363,2,0
5364,1,1
5365,2,0
5366,1,1
5367,2,0
5368,1,1
5369,2,0
5370,1,1
5371,2,0
5372,1,1
5373,2,0
5374,1,1
5375,2,0
5376,1,1
5377,2,0
5378,1,1
5379,2,0
5380,1,1
5381,2,0
5382,1,1
5383,2,0
5384,1,1
5385,2,0
5386,1,1
5387,2,0
5388,1,1
5389,2,0
5390,1,1
5391,2,0
5392,1,1
5393,2,0
5394,1,1
5395,2,0
5396,1,1
5397,2,0
5398,1,1
5399,2,0
5400,1,1
5401,2,0
5402,1,1
5403,2,0
5404,1,1
5405,2,0
5406,1,1
5407,2,0
5408,1,1
5409,2,0
5410,1,1
5411,2,0
5412,1,1
5413,2,0
5414,1,1
5415,2,0
5416,1,1
5417,2,0
5418,1,1
5419,2,0
5420,1,1
5421,2,0
5422,1,1
5423,2,0
5424,1,1
5425,2,0
5426,1,1
5427,2,0
5428,1,1
5429,2,0
5430,1,1
5431,2,0
5432,1,1
5433,2,0
5434,1,1
5435,2,0
5436,1,1
5437,2,0
5438,1,1
5439,2,0
5440,1,1
5441,2,0
5442,1,1
5443,2,0
5444,1,1
5445,2,0
5446,1,1
5447,2,0
5448,1,1
5449,2,0
5450,1,1
5451,2,0
5452,1,1
5453,2,0
5454,1,1
5455,2,0
5456,1,1
5457,2,0
5458,1,1
5459,2,0
5460,1,1
5461,2,0
5462,1,1
5463,2,0
5464,1,1
5465,2,0
5466,1,1
5467,2,0
5468,1,1
5469,2,0
5470,1,1
5471,2,0
5472,1,1
5473,2,0
5474,1,1
5475,2,0
5476,1,1
5477,2,0
5478,1,1
5479,2,0
5480,1,1
5481,2,0
5482,1,1
5483,2,0
5484,1,1
5485,2,0
5486,1,1
5487,2,0
5488,1,1
5489,2,0
5490,1,1
5491,2,0
5492,1,1
5493,2,0
5494,1,1
5495,2,0
5496,1,1
5497,2,0
5498,1,1
5499,2,0
5500,1,1
5501,2,0
5502,1,1
5503,2,0
5504,1,1
5505,2,0
5506,1,1
5507,2,0
5508,1,1
5509,2,0
5510,1,1
5511,2,0
5512,1,1
5513,2,0
5514,1,1
5515,2,0
5516,1,1
5517,2,0
5518,1,1
5519,2,0
5520,1,1
5521,2,0
5522,1,1
5523,2,0
5524,1,1
5525,2,0
5526,1,1
5527,2,0
5528,1,1
5529,2,0
5530,1,1
5531,2,0
5532,1,1
5533,2,0
5534,1,1
5535,2,0
5536,1,1
5537,2,0
5538,1,1
5539,2,0
5540,1,1
5541,2,0
5542,1,1
5543,2,0
5544,1,1
5545,2,0
5546,1,1
5547,2,0
5548,1,1
5549,2,0
5550,1,1
5551,2,0
5552,1,1
5553,2,0
5554,1,1
5555,2,0
5556,1,1
5557,2,0
5558,1,1
5559,2,0
5560,1,1
5561,2,0
5562,1,1
5563,2,0
5564,1,1
5565,2,0
5566,1,1
5567,2,0
5568,1,1
5569,2,0
5570,1,1
5571,2,0
5572,1,1
5573,2,0
5574,1,1
5575,2,0
5576,1,1
5577,2,0
5578,1,1
5579,2,0
5580,1,1
5581,2,0
5582,1,1
5583,2,0
5584,1,1
5585,2,0
5586,1,1
5587,2,0
5588,1,1
5589,2,0
5590,1,1
5591,2,0
5592,1,1
5593,2,0
5594,1,1
5595,2,0
5596,1,1
5597,2,0
5598,1,1
5599,2,0
5600,1,1
5601,2,0
5602,1,1
5603,2,0
5604,1,1
5605,2,0
5606,1,1
5607,2,0
5608,1,1
5609,2,0
5610,1,1
5611,2,0
5612,1,1
5613,2,0
5614,1,1
5615,2,0
5616,1,1
5617,2,0
5618,1,1
5619,2,0
5620,1,1
5621,2,0
5622,1,1
5623,2,0
5624,1,1
5625,2,0
5626,1,1
5627,2,0
5628,1,1
5629,2,0
5630,1,1
5631,2,0
5632,1,1
5633,2,0
5634,1,1
5635,2,0
5636,1,1
5637,2,0
5638,1,1
5639,2,0
5640,1,1
5641,2,0
5642,1,1
5643,2,0
5644,1,1
5645,2,0
5646,1,1
5647,2,0
5648,1,1
5649,2,0
5650,1,1
5651,2,0
5652,1,1
5653,2,0
5654,1,1
5655,2,0
5656,1,1
5657,2,0
5658,1,1
5659,2,0
5660,1,1
5661,2,0
5662,1,1
5663,2,0
5664,1,1
5665,2,0
5666,1,1
5667,2,0
5668,1,1
5669,2,0
5670,1,1
5671,2,0
5672,1,1
5673,2,0
5674,1,1
5675,2,0
5676,1,1
5677,2,0
5678,1,1
5679,2,0
5680,1,1
5681,2,0
5682,1,1
5683,2,0
5684,1,1
5685,2,0
5686,1,1
5687,2,0
5688,1,1
5689,2,0
5690,1,1
5691,2,0
5692,1,1
5693,2,0
5694,1,1
5695,2,0
5696,1,1
5697,2,0
5698,1,1
5699,2,0
5700,1,1
5701,2,0
5702,1,1
5703,2,0
5704,1,1
5705,2,0
5706,1,1
5707,2,0
5708,1,1
5709,2,0
5710,1,1
5711,2,0
5712,1,1
5713,2,0
5714,1,1
5715,2,0
5716,1,1
5717,2,0
5718,1,1
5719,2,0
5720,1,1
5721,2,0
5722,1,1
5723,2,0
5724,1,1
5725,2,0
5726,1,1
5727,2,0
5728,1,1
5729,2,0
5730,1,1
5731,2,0
5732,1,1
5733,2,0
5734,1,1
5735,2,0
5736,1,1
5737,2,0
5738,1,1
5739,2,0
5740,1,1
5741,2,0
5742,1,1
5743,2,0
5744,1,1
5745,2,0
5746,1,1
5747,2,0
5748,1,1
5749,2,0
5750,1,1
5751,2,0
5752,1,1
5753,2,0
5754,1,1
5755,2,0
5756,1,1
5757,2,0
5758,1,1
5759,2,0
5760,1,1
5761,2,0
5762,1,1
5763,2,0
5764,1,1
5765,2,0
5766,1,1
5767,2,0
5768,1,1
5769,2,0
5770,1,1
5771,2,0
5772,1,1
5773,2,0
5774,1,1
5775,2,0
5776,1,1
5777,2,0
5778,1,1
5779,2,0
5780,1,1
5781,2,0
5782,1,1
5783,2,0
5784,1,1
5785,2,0
5786,1,1
5787,2,0
5788,1,1
5789,2,0
5790,1,1
5791,2,0
5792,1,1
5793,2,0
5794,1,1
5795,2,0
5796,1,1
5797,2,0
5798,1,1
5799,2,0
5800,1,1
5801,2,0
5802,1,1
5803,2,0
5804,1,1
5805,2,0
5806,1,1
5807,2,0
5808,1,1
5809,2,0
5810,1,1
5811,2,0
5812,1,1
5813,2,0
5814,1,1
5815,2,0
5816,1,1
5817,2,0
5818,1,1
5819,2,0
5820,1,1
5821,2,0
5822,1,1
5823,2,0
5824,1,1
5825,2,0
5826,1,1
5827,2,0
5828,1,1
5829,2,0
5830,1,1
5831,2,0
5832,1,1
5833,2,0
5834,1,1
5835,2,0
5836,1,1
5837,2,0
5838,1,1
5839,2,0
5840,1,1
5841,2,0
5842,1,1
5843,2,0
5844,1,1
5845,2,0
5846,1,1
5847,2,0
5848,1,1
5849,2,0
5850,1,1
5851,2,0
5852,1,1
5853,2,0
5854,1,1
5855,2,0
5856,1,1
5857,2,0
5858,1,1
5859,2,0
5860,1,1
5861,2,0
5862,1,1
5863,2,0
5864,1,1
5865,2,0
5866,1,1
5867,2,0
5868,1,1
5869,2,0
5870,1,1
5871,2,0
5872,1,1
5873,2,0
5874,1,1
5875,2,0
5876,1,1
5877,2,0
5878,1,1
5879,2,0
5880,1,1
5881,2,0
5882,1,1
5883,2,0
5884,1,1
5885,2,0
5886,1,1
5887,2,0
5888,1,1
5889,2,0
5890,1,1
5891,2,0
5892,1,1
5893,2,0
5894,1,1
5895,2,0
5896,1,1
5897,2,0
5898,1,1
5899,2,0
5900,1,1
5901,2,0
5902,1,1
5903,2,0
5904,1,1
5905,2,0
5906,1,1
5907,2,0
5908,1,1
5909,2,0
5910,1,1
5911,2,0
5912,1,1
5913,2,0
5914,1,1
5915,2,0
5916,1,1
5917,2,0
5918,1,1
5919,2,0
5920,1,1
5921,2,0
5922,1,1
5923,2,0
5924,1,1
5925,2,0
5926,1,1
5927,2,0
5928,1,1
5929,2,0
5930,1,1
5931,2,0
5932,1,1
5933,2,0
5934,1,1
5935,2,0
5936,1,1
5937,2,0
5938,1,1
5939,2,0
5940,1,1
5941,2,0
5942,1,1
5943,2,0
5944,1,1
5945,2,0
5946,1,1
5947,2,0
5948,1,1
5949,2,0
5950,1,1
5951,2,0
5952,1,1
5953,2,0
5954,1,1
5955,2,0
5956,1,1
5957,2,0
5958,1,1
5959,2,0
5960,1,1
5961,2,0
5962,1,1
5963,2,0
5964,1,1
5965,2,0
5966,1,1
5967,2,0
5968,1,1
5969,2,0
5970,1,1
5971,2,0
5972,1,1
5973,2,0
5974,1,1
5975,2,0
5976,1,1
5977,2,0
5978,1,1
5979,2,0
5980,1,1
5981,2,0
5982,1,1
5983,2,0
5984,1,1
5985,2,0
5986,1,1
5987,2,0
5988,1,1
5989,2,0
5990,1,1
5991,2,0
5992,1,1
5993,2,0
5994,1,1
5995,2,0
5996,1,1
5997,2,0
5998,1,1
5999,2,0
6000,1,1
6001,2,0
6002,1,1
6003,2,0
6004,1,1
6005,2,0
6006,1,1
6007,2,0
6008,1,1
6009,2,0
6010,1,1
6011,2,0
6012,1,1
6013,2,0
6014,1,1
6015,2,0
6016,1,1
6017,2,0
6018,1,1
6019,2,0
6020,1,1
6021,2,0
6022,1,1
6023,2,0
6024,1,1
6025,2,0
6026,1,1
6027,2,0
6028,1,1
6029,2,0
6030,1,1
6031,2,0
6032,1,1
6033,2,0
6034,1,1
6035,2,0
6036,1,1
6037,2,0
6038,1,1
6039,2,0
6040,1,1
6041,2,0
6042,1,1
6043,2,0
6044,1,1
6045,2,0
6046,1,1
6047,2,0
6048,1,1
6049,2,0
6050,1,1
6051,2,0
6052,1,1
6053,2,0
6054,1,1
6055,2,0
6056,1,1
6057,2,0
6058,1,1
6059,2,0
6060,1,1
6061,2,0
6062,1,1
6063,2,0
6064,1,1
6065,2,0
6066,1,1
6067,2,0
6068,1,1
6069,2,0
6070,1,1
6071,2,0
6072,1,1
6073,2,0
6074,1,1
6075,2,0
6076,1,1
6077,2,0
6078,1,1
6079,2,0
6080,1,1
6081,2,0
6082,1,1
6083,2,0
6084,1,1
6085,2,0
6086,1,1
6087,2,0
6088,1,1
6089,2,0
6090,1,1
6091,2,0
6092,1,1
6093,2,0
6094,1,1
6095,2,0
6096,1,1
6097,2,0
6098,1,1
6099,2,0
6100,1,1
6101,2,0
6102,1,1
6103,2,0
6104,1,1
6105,2,0
6106,1,1
6107,2,0
6108,1,1
6109,2,0
6110,1,1
6111,2,0
6112,1,1
6113,2,0
6114,1,1
6115,2,0
6116,1,1
6117,2,0
6118,1,1
6119,2,0
6120,1,1
6121,2,0
6122,1,1
6123,2,0
6124,1,1
6125,2,0
6126,1,1
6127,2,0
6128,1,1
6129,2,0
6130,1,1
6131,2,0
6132,1,1
6133,2,0
6134,1,1
6135,2,0
6136,1,1
6137,2,0
6138,1,1
6139,2,0
6140,1,1
6141,2,0
6142,1,1
6143,2,0
6144,1,1
6145,2,0
6146,1,1
6147,2,0
6148,1,1
6149,2,0
6150,1,1
6151,2,0
6152,1,1
6153,2,0
6154,1,1
6155,2,0
6156,1,1
6157,2,0
6158,1,1
6159,2,0
6160,1,1
6161,2,0
6162,1,1
6163,2,0
6164,1,1
6165,2,0
6166,1,1
6167,2,0
6168,1,1
6169,2,0
6170,1,1
6171,2,0
6172,1,1
6173,2,0
6174,1,1
6175,2,0
6176,1,1
6177,2,0
6178,1,1
6179,2,0
6180,1,1
6181,2,0
6182,1,1
6183,2,0
6184,1,1
6185,2,0
6186,1,1
6187,2,0
6188,1,1
6189,2,0
6190,1,1
6191,2,0
6192,1,1
6193,2,0
6194,1,1
6195,2,0
6196,1,1
6197,2,0
6198,1,1
6199,2,0
6200,1,1
6201,2,0
6202,1,1
6203,2,0
6204,1,1
6205,2,0
6206,1,1
6207,2,0
6208,1,1
6209,2,0
6210,1,1
6211,2,0
6212,1,1
6213,2,0
6214,1,1
6215,2,0
6216,1,1
6217,2,0
6218,1,1
6219,2,0
6220,1,1
6221,2,0
6222,1,1
6223,2,0
6224,1,1
6225,2,0
6226,1,1
6227,2,0
6228,1,1
6229,2,0
6230,1,1
6231,2,0
6232,1,1
6233,2,0
6234,1,1
6235,2,0
6236,1,1
6237,2,0
6238,1,1
6239,2,0
6240,1,1
6241,2,0
6242,1,1
6243,2,0
6244,1,1
6245,2,0
6246,1,1
6247,2,0
6248,1,1
6249,2,0
6250,1,1
6251,2,0
6252,1,1
6253,2,0
6254,1,1
6255,2,0
6256,1,1
6257,2,0
6258,1,1
6259,2,0
6260,1,1
6261,2,0
6262,1,1
6263,2,0
6264,1,1
6265,2,0
6266,1,1
6267,2,0
6268,1,1
6269,2,0
6270,1,1
6271,2,0
6272,1,1
6273,2,0
6274,1,1
6275,2,0
6276,1,1
6277,2,0
6278,1,1
6279,2,0
6280,1,1
6281,2,0
6282,1,1
6283,2,0
6284,1,1
6285,2,0
6286,1,1
6287,2,0
6288,1,1
6289,2,0
6290,1,1
6291,2,0
6292,1,1
6293,2,0
6294,1,1
6295,2,0
6296,1,1
6297,2,0
6298,1,1
6299,2,0
6300,1,1
6301,2,0
6302,1,1
6303,2,0
6304,1,1
6305,2,0
6306,1,1
6307,2,0
6308,1,1
6309,2,0
6310,1,1
6311,2,0
6312,1,1
6313,2,0
6314,1,1
6315,2,0
6316,1,1
6317,2,0
6318,1,1
6319,2,0
6320,1,1
6321,2,0
6322,1,1
6323,2,0
6324,1,1
6325,2,0
6326,1,1
6327,2,0
6328,1,1
6329,2,0
6330,1,1
6331,2,0
6332,1,1
6333,2,0
6334,1,1
6335,2,0
6336,1,1
6337,2,0
6338,1,1
6339,2,0
6340,1,1
6341,2,0
6342,1,1
6343,2,0
6344,1,1
6345,2,0
6346,1,1
6347,2,0
6348,1,1
6349,2,0
6350,1,1
6351,2,0
6352,1,1
6353,2,0
6354,1,1
6355,2,0
6356,1,1
6357,2,0
6358,1,1
6359,2,0
6360,1,1
6361,2,0
6362,1,1
6363,2,0
6364,1,1
6365,2,0
6366,1,1
6367,2,0
6368,1,1
6369,2,0
6370,1,1
6371,2,0
6372,1,1
6373,2,0
6374,1,1
6375,2,0
6376,1,1
6377,2,0
6378,1,1
6379,2,0
6380,1,1
6381,2,0
6382,1,1
6383,2,0
6384,1,1
6385,2,0
6386,1,1
6387,2,0
6388,1,1
6389,2,0
6390,1,1
6391,2,0
6392,1,1
6393,2,0
6394,1,1
6395,2,0
6396,1,1
6397,2,0
6398,1,1
6399,2,0
6400,1,1
6401,2,0
6402,1,1
6403,2,0
6404,1,1
6405,2,0
6406,1,1
6407,2,0
6408,1,1
6409,2,0
6410,1,1
6411,2,0
6412,1,1
6413,2,0
6414,1,1
6415,2,0
6416,1,1
6417,2,0
6418,1,1
6419,2,0
6420,1,1
6421,2,0
6422,1,1
6423,2,0
6424,1,1
6425,2,0
6426,1,1
6427,2,0
6428,1,1
6429,2,0
6430,1,1
6431,2,0
6432,1,1
6433,2,0
6434,1,1
6435,2,0
6436,1,1
6437,2,0
6438,1,1
6439,2,0
6440,1,1
6441,2,0
6442,1,1
6443,2,0
6444,1,1
6445,2,0
6446,1,1
6447,2,0
6448,1,1
6449,2,0
6450,1,1
6451,2,0
6452,1,1
6453,2,0
6454,1,1
6455,2,0
6456,1,1
6457,2,0
6458,1,1
6459,2,0
6460,1,1
6461,2,0
6462,1,1
6463,2,0
6464,1,1
6465,2,0
6466,1,1
6467,2,0
6468,1,1
6469,2,0
6470,1,1
6471,2,0
6472,1,1
6473,2,0
6474,1,1
6475,2,0
6476,1,1
6477,2,0
6478,1,1
6479,2,0
6480,1,1
6481,2,0
6482,1,1
6483,2,0
6484,1,1
6485,2,0
6486,1,1
6487,2,0
6488,1,1
6489,2,0
6490,1,1
6491,2,0
6492,1,1
6493,2,0
6494,1,1
6495,2,0
6496,1,1
6497,2,0
6498,1,1
6499,2,0
6500,1,1
6501,2,0
6502,1,1
6503,2,0
6504,1,1
6505,2,0
6506,1,1
6507,2,0
6508,1,1
6509,2,0
6510,1,1
6511,2,0
6512,1,1
6513,2,0
6514,1,1
6515,2,0
6516,1,1
6517,2,0
6518,1,1
6519,2,0
6520,1,1
6521,2,0
6522,1,1
6523,2,0
6524,1,1
6525,2,0
6526,1,1
6527,2,0
6528,1,1
6529,2,0
6530,1,1
6531,2,0
6532,1,1
6533,2,0
6534,1,1
6535,2,0
6536,1,1
6537,2,0
6538,1,1
6539,2,0
6540,1,1
6541,2,0
6542,1,1
6543,2,0
6544,1,1
6545,2,0
6546,1,1
6547,2,0
6548,1,1
6549,2,0
6550,1,1
6551,2,0
6552,1,1
6553,2,0
6554,1,1
6555,2,0
6556,1,1
6557,2,0
6558,1,1
6559,2,0
6560,1,1
6561,2,0
6562,1,1
6563,2,0
6564,1,1
6565,2,0
6566,1,1
6567,2,0
6568,1,1
6569,2,0
6570,1,1
6571,2,0
6572,1,1
6573,2,0
6574,1,1
6575,2,0
6576,1,1
6577,2,0
6578,1,1
6579,2,0
6580,1,1
6581,2,0
6582,1,1
6583,2,0
6584,1,1
6585,2,0
6586,1,1
6587,2,0
6588,1,1
6589,2,0
6590,1,1
6591,2,0
6592,1,1
6593,2,0
6594,1,1
6595,2,0
6596,1,1
6597,2,0
6598,1,1
6599,2,0
6600,1,1
6601,2,0
6602,1,1
6603,2,0
6604,1,1
6605,2,0
6606,1,1
6607,2,0
6608,1,1
6609,2,0
6610,1,1
6611,2,0
6612,1,1
6613,2,0
6614,1,1
6615,2,0
6616,1,1
6617,2,0
6618,1,1
6619,2,0
6620,1,1
6621,2,0
6622,1,1
6623,2,0
6624,1,1
6625,2,0
6626,1,1
6627,2,0
6628,1,1
6629,2,0
6630,1,1
6631,2,0
6632,1,1
6633,2,0
6634,1,1
6635,2,0
6636,1,1
6637,2,0
6638,1,1
6639,2,0
6640,1,1
6641,2,0
6642,1,1
6643,2,0
6644,1,1
6645,2,0
6646,1,1
6647,2,0
6648,1,1
6649,2,0
6650,1,1
6651,2,0
6652,1,1
6653,2,0
6654,1,1
6655,2,0
6656,1,1
6657,2,0
6658,1,1
6659,2,0
6660,1,1
6661,2,0
6662,1,1
6663,2,0
6664,1,1
6665,2,0
6666,1,1
6667,2,0
6668,1,1
6669,2,0
6670,1,1
6671,2,0
6672,1,1
6673,2,0
6674,1,1
6675,2,0
6676,1,1
6677,2,0
6678,1,1
6679,2,0
6680,1,1
6681,2,0
6682,1,1
6683,2,0
6684,1,1
6685,2,0
6686,1,1
6687,2,0
6688,1,1
6689,2,0
6690,1,1
6691,2,0
6692,1,1
6693,2,0
6694,1,1
6695,2,0
6696,1,1
6697,2,0
6698,1,1
6699,2,0
6700,1,1
6701,2,0
6702,1,1
6703,2,0
6704,1,1
6705,2,0
6706,1,1
6707,2,0
6708,1,1
6709,2,0
6710,1,1
6711,2,0
6712,1,1
6713,2,0
6714,1,1
6715,2,0
6716,1,1
6717,2,0
6718,1,1
6719,2,0
6720,1,1
6721,2,0
6722,1,1
6723,2,0
6724,1,1
6725,2,0
6726,1,1
6727,2,0
6728,1,1
6729,2,0
6730,1,1
6731,2,0
6732,1,1
6733,2,0
6734,1,1
6735,2,0
6736,1,1
6737,2,0
6738,1,1
6739,2,0
6740,1,1
6741,2,0
6742,1,1
6743,2,0
6744,1,1
6745,2,0
6746,1,1
6747,2,0
6748,1,1
6749,2,0
6750,1,1
6751,2,0
6752,1,1
6753,2,0
6754,1,1
6755,2,0
6756,1,1
6757,2,0
6758,1,1
6759,2,0
6760,1,1
6761,2,0
6762,1,1
6763,2,0
6764,1,1
6765,2,0
6766,1,1
6767,2,0
6768,1,1
6769,2,0
6770,1,1
6771,2,0
6772,1,1
6773,2,0
6774,1,1
6775,2,0
6776,1,1
6777,2,0
6778,1,1
6779,2,0
6780,1,1
6781,2,0
6782,1,1
6783,2,0
6784,1,1
6785,2,0
6786,1,1
6787,2,0
6788,1,1
6789,2,0
6790,1,1
6791,2,0
6792,1,1
6793,2,0
6794,1,1
6795,2,0
6796,1,1
6797,2,0
6798,1,1
6799,2,0
6800,1,1
6801,2,0
6802,1,1
6803,2,0
6804,1,1
6805,2,0
6806,1,1
6807,2,0
6808,1,1
6809,2,0
6810,1,1
6811,2,0
6812,1,1
6813,2,0
6814,1,1
6815,2,0
6816,1,1
6817,2,0
6818,1,1
6819,2,0
6820,1,1
6821,2,0
6822,1,1
6823,2,0
6824,1,1
6825,2,0
6826,1,1
6827,2,0
6828,1,1
6829,2,0
6830,1,1
6831,2,0
6832,1,1
6833,2,0
6834,1,1
6835,2,0
6836,1,1
6837,2,0
6838,1,1
6839,2,0
6840,1,1
6841,2,0
6842,1,1
6843,2,0
6844,1,1
6845,2,0
6846,1,1
6847,2,0
6848,1,1
6849,2,0
6850,1,1
6851,2,0
6852,1,1
6853,2,0
6854,1,1
6855,2,0
6856,1,1
6857,2,0
6858,1,1
6859,2,0
6860,1,1
6861,2,0
6862,1,1
6863,2,0
6864,1,1
6865,2,0
6866,1,1
6867,2,0
6868,1,1
6869,2,0
6870,1,1
6871,2,0
6872,1,1
6873,2,0
6874,1,1
6875,2,0
6876,1,1
6877,2,0
6878,1,1
6879,2,0
6880,1,1
6881,2,0
6882,1,1
6883,2,0
6884,1,1
6885,2,0
6886,1,1
6887,2,0
6888,1,1
6889,2,0
6890,1,1
6891,2,0
6892,1,1
6893,2,0
6894,1,1
6895,2,0
6896,1,1
6897,2,0
6898,1,1
6899,2,0
6900,1,1
6901,2,0
6902,1,1
6903,2,0
6904,1,1
6905,2,0
6906,1,1
6907,2,0
6908,1,1
6909,2,0
6910,1,1
6911,2,0
6912,1,1
6913,2,0
6914,1,1
6915,2,0
6916,1,1
6917,2,0
6918,1,1
6919,2,0
6920,1,1
6921,2,0
6922,1,1
6923,2,0
6924,1,1
6925,2,0
6926,1,1
6927,2,0
6928,1,1
6929,2,0
6930,1,1
6931,2,0
6932,1,1
6933,2,0
6934,1,1
6935,2,0
6936,1,1
6937,2,0
6938,1,1
6939,2,0
6940,1,1
6941,2,0
6942,1,1
6943,2,0
6944,1,1
6945,2,0
6946,1,1
6947,2,0
6948,1,1
6949,2,0
6950,1,1
6951,2,0
6952,1,1
6953,2,0
6954,1,1
6955,2,0
6956,1,1
6957,2,0
6958,1,1
6959,2,0
6960,1,1
6961,2,0
6962,1,1
6963,2,0
6964,1,1
6965,2,0
6966,1,1
6967,2,0
6968,1,1
6969,2,0
6970,1,1
6971,2,0
6972,1,1
6973,2,0
6974,1,1
6975,2,0
6976,1,1
6977,2,0
6978,1,1
6979,2,0
6980,1,1
6981,2,0
6982,1,1
6983,2,0
6984,1,1
6985,2,0
6986,1,1
6987,2,0
6988,1,1
6989,2,0
6990,1,1
6991,2,0
6992,1,1
6993,2,0
6994,1,1
6995,2,0
6996,1,1
6997,2,0
6998,1,1
6999,2,0
7000,1,1
7001,2,0
7002,1,1
7003,2,0
7004,1,1
7005,2,0
7006,1,1
7007,2,0
7008,1,1
7009,2,0
7010,1,1
7011,2,0
7012,1,1
7013,2,0
7014,1,1
7015,2,0
7016,1,1
7017,2,0
7018,1,1
7019,2,0
7020,1,1
7021,2,0
7022,1,1
7023,2,0
7024,1,1
7025,2,0
7026,1,1
7027,2,0
7028,1,1
7029,2,0
7030,1,1
7031,2,0
7032,1,1
7033,2,0
7034,1,1
7035,2,0
7036,1,1
7037,2,0
7038,1,1
7039,2,0
7040,1,1
7041,2,0
7042,1,1
7043,2,0
7044,1,1
7045,2,0
7046,1,1
7047,2,0
7048,1,1
7049,2,0
7050,1,1
7051,2,0
7052,1,1
7053,2,0
7054,1,1
7055,2,0
7056,1,1
7057,2,0
7058,1,1
7059,2,0
7060,1,1
7061,2,0
7062,1,1
7063,2,0
7064,1,1
7065,2,0
7066,1,1
7067,2,0
7068,1,1
7069,2,0
7070,1,1
7071,2,0
7072,1,1
7073,2,0
7074,1,1
7075,2,0
7076,1,1
7077,2,0
7078,1,1
7079,2,0
7080,1,1
7081,2,0
7082,1,1
7083,2,0
7084,1,1
7085,2,0
7086,1,1
7087,2,0
7088,1,1
7089,2,0
7090,1,1
7091,2,0
7092,1,1
7093,2,0
7094,1,1
7095,2,0
7096,1,1
7097,2,0
7098,1,1
7099,2,0
7100,1,1
7101,2,0
7102,1,1
7103,2,0
7104,1,1
7105,2,0
7106,1,1
7107,2,0
7108,1,1
7109,2,0
7110,1,1
7111,2,0
7112,1,1
7113,2,0
7114,1,1
7115,2,0
7116,1,1
7117,2,0
7118,1,1
7119,2,0
7120,1,1
7121,2,0
7122,1,1
7123,2,0
7124,1,1
7125,2,0
7126,1,1
7127,2,0
7128,1,1
7129,2,0
7130,1,1
7131,2,0
7132,1,1
7133,2,0
7134,1,1
7135,2,0
7136,1,1
7137,2,0
7138,1,1
7139,2,0
7140,1,1
7141,2,0
7142,1,1
7143,2,0
7144,1,1
7145,2,0
7146,1,1
7147,2,0
7148,1,1
7149,2,0
7150,1,1
7151,2,0
7152,1,1
7153,2,0
7154,1,1
7155,2,0
7156,1,1
7157,2,0
7158,1,1
7159,2,0
7160,1,1
7161,2,0
7162,1,1
7163,2,0
7164,1,1
7165,2,0
7166,1,1
7167,2,0
7168,1,1
7169,2,0
7170,1,1
7171,2,0
7172,1,1
7173,2,0
7174,1,1
7175,2,0
7176,1,1
7177,2,0
7178,1,1
7179,2,0
7180,1,1
7181,2,0
7182,1,1
7183,2,0
7184,1,1
7185,2,0
7186,1,1
7187,2,0
7188,1,1
7189,2,0
7190,1,1
7191,2,0
7192,1,1
7193,2,0
7194,1,1
7195,2,0
7196,1,1
7197,2,0
7198,1,1
7199,2,0
7200,1,1
7201,2,0
7202,1,1
7203,2,0
7204,1,1
7205,2,0
7206,1,1
7207,2,0
7208,1,1
7209,2,0
7210,1,1
7211,2,0
7212,1,1
7213,2,0
7214,1,1
7215,2,0
7216,1,1
7217,2,0
7218,1,1
7219,2,0
7220,1,1
7221,2,0
7222,1,1
7223,2,0
7224,1,1
7225,2,0
7226,1,1
7227,2,0
7228,1,1
7229,2,0
7230,1,1
7231,2,0
7232,1,1
7233,2,0
7234,1,1
7235,2,0
7236,1,1
7237,2,0
7238,1,1
7239,2,0
7240,1,1
7241,2,0
7242,1,1
7243,2,0
7244,1,1
7245,2,0
7246,1,1
7247,2,0
7248,1,1
7249,2,0
7250,1,1
7251,2,0
7252,1,1
7253,2,0
7254,1,1
7255,2,0
7256,1,1
7257,2,0
7258,1,1
7259,2,0
7260,1,1
7261,2,0
7262,1,1
7263,2,0
7264,1,1
7265,2,0
7266,1,1
7267,2,0
7268,1,1
7269,2,0
7270,1,1
7271,2,0
7272,1,1
7273,2,0
7274,1,1
7275,2,0
7276,1,1
7277,2,0
7278,1,1
7279,2,0
7280,1,1
7281,2,0
7282,1,1
7283,2,0
7284,1,1
7285,2,0
7286,1,1
7287,2,0
7288,1,1
7289,2,0
7290,1,1
7291,2,0
7292,1,1
7293,2,0
7294,1,1
7295,2,0
7296,1,1
7297,2,0
7298,1,1
7299,2,0
7300,1,1
7301,2,0
7302,1,1
7303,2,0
7304,1,1
7305,2,0
7306,1,1
7307,2,0
7308,1,1
7309,2,0
7310,1,1
7311,2,0
7312,1,1
7313,2,0
7314,1,1
7315,2,0
7316,1,1
7317,2,0
7318,1,1
7319,2,0
7320,1,1
7321,2,0
7322,1,1
7323,2,0
7324,1,1
7325,2,0
7326,1,1
7327,2,0
7328,1,1
7329,2,0
7330,1,1
7331,2,0
7332,1,1
7333,2,0
7334,1,1
7335,2,0
7336,1,1
7337,2,0
7338,1,1
7339,2,0
7340,1,1
7341,2,0
7342,1,1
7343,2,0
7344,1,1
7345,2,0
7346,1,1
7347,2,0
7348,1,1
7349,2,0
7350,1,1
7351,2,0
7352,1,1
7353,2,0
7354,1,1
7355,2,0
7356,1,1
7357,2,0
7358,1,1
7359,2,0
7360,1,1
7361,2,0
7362,1,1
7363,2,0
7364,1,1
7365,2,0
7366,1,1
7367,2,0
7368,1,1
7369,2,0
7370,1,1
7371,2,0
7372,1,1
7373,2,0
7374,1,1
7375,2,0
7376,1,1
7377,2,0
7378,1,1
7379,2,0
7380,1,1
7381,2,0
7382,1,1
7383,2,0
7384,1,1
7385,2,0
7386,1,1
7387,2,0
7388,1,1
7389,2,0
7390,1,1
7391,2,0
7392,1,1
7393,2,0
7394,1,1
7395,2,0
7396,1,1
7397,2,0
7398,1,1
7399,2,0
7400,1,1
7401,2,0
7402,1,1
7403,2,0
7404,1,1
7405,2,0
7406,1,1
7407,2,0
7408,1,1
7409,2,0
7410,1,1
7411,2,0
7412,1,1
7413,2,0
7414,1,1
7415,2,0
7416,1,1
7417,2,0
7418,1,1
7419,2,0
7420,1,1
7421,2,0
7422,1,1
7423,2,0
7424,1,1
7425,2,0
7426,1,1
7427,2,0
7428,1,1
7429,2,0
7430,1,1
7431,2,0
7432,1,1
7433,2,0
7434,1,1
7435,2,0
7436,1,1
7437,2,0
7438,1,1
7439,2,0
7440,1,1
7441,2,0
7442,1,1
7443,2,0
7444,1,1
7445,2,0
7446,1,1
7447,2,0
7448,1,1
7449,2,0
7450,1,1
7451,2,0
7452,1,1
7453,2,0
7454,1,1
7455,2,0
7456,1,1
7457,2,0
7458,1,1
7459,2,0
7460,1,1
7461,2,0
7462,1,1
7463,2,0
7464,1,1
7465,2,0
7466,1,1
7467,2,0
7468,1,1
7469,2,0
7470,1,1
7471,2,0
7472,1,1
7473,2,0
7474,1,1
7475,2,0
7476,1,1
7477,2,0
7478,1,1
7479,2,0
7480,1,1
7481,2,0
7482,1,1
7483,2,0
7484,1,1
7485,2,0
7486,1,1
7487,2,0
7488,1,1
7489,2,0
7490,1,1
7491,2,0
7492,1,1
7493,2,0
7494,1,1
7495,2,0
7496,1,1
7497,2,0
7498,1,1
7499,2,0
7500,1,1
7501,2,0
7502,1,1
7503,2,0
7504,1,1
7505,2,0
7506,1,1
7507,2,0
7508,1,1
7509,2,0
7510,1,1
7511,2,0
7512,1,1
7513,2,0
7514,1,1
7515,2,0
7516,1,1
7517,2,0
7518,1,1
7519,2,0
7520,1,1
7521,2,0
7522,1,1
7523,2,0
7524,1,1
7525,2,0
7526,1,1
7527,2,0
7528,1,1
7529,2,0
7530,1,1
7531,2,0
7532,1,1
7533,2,0
7534,1,1
7535,2,0
7536,1,1
7537,2,0
7538,1,1
7539,2,0
7540,1,1
7541,2,0
7542,1,1
7543,2,0
7544,1,1
7545,2,0
7546,1,1
7547,2,0
7548,1,1
7549,2,0
7550,1,1
7551,2,0
7552,1,1
7553,2,0
7554,1,1
7555,2,0
7556,1,1
7557,2,0
7558,1,1
7559,2,0
7560,1,1
7561,2,0
7562,1,1
7563,2,0
7564,1,1
7565,2,0
7566,1,1
7567,2,0
7568,1,1
7569,2,0
7570,1,1
7571,2,0
7572,1,1
7573,2,0
7574,1,1
7575,2,0
7576,1,1
7577,2,0
7578,1,1
7579,2,0
7580,1,1
7581,2,0
7582,1,1
7583,2,0
7584,1,1
7585,2,0
7586,1,1
7587,2,0
7588,1,1
7589,2,0
7590,1,1
7591,2,0
7592,1,1
7593,2,0
7594,1,1
7595,2,0
7596,1,1
7597,2,0
7598,1,1
7599,2,0
7600,1,1
7601,2,0
7602,1,1
7603,2,0
7604,1,1
7605,2,0
7606,1,1
7607,2,0
7608,1,1
7609,2,0
7610,1,1
7611,2,0
7612,1,1
7613,2,0
7614,1,1
7615,2,0
7616,1,1
7617,2,0
7618,1,1
7619,2,0
7620,1,1
7621,2,0
7622,1,1
7623,2,0
7624,1,1
7625,2,0
7626,1,1
7627,2,0
7628,1,1
7629,2,0
7630,1,1
7631,2,0
7632,1,1
7633,2,0
7634,1,1
7635,2,0
7636,1,1
7637,2,0
7638,1,1
7639,2,0
7640,1,1
7641,2,0
7642,1,1
7643,2,0
7644,1,1
7645,2,0
7646,1,1
7647,2,0
7648,1,1
7649,2,0
7650,1,1
7651,2,0
7652,1,1
7653,2,0
7654,1,1
7655,2,0
7656,1,1
7657,2,0
7658,1,1
7659,2,0
7660,1,1
7661,2,0
7662,1,1
7663,2,0
7664,1,1
7665,2,0
7666,1,1
7667,2,0
7668,1,1
7669,2,0
7670,1,1
7671,2,0
7672,1,1
7673,2,0
7674,1,1
7675,2,0
7676,1,1
7677,2,0
7678,1,1
7679,2,0
7680,1,1
7681,2,0
7682,1,1
7683,2,0
7684,1,1
7685,2,0
7686,1,1
7687,2,0
7688,1,1
7689,2,0
7690,1,1
7691,2,0
7692,1,1
7693,2,0
7694,1,1
7695,2,0
7696,1,1
7697,2,0
7698,1,1
7699,2,0
7700,1,1
7701,2,0
7702,1,1
7703,2,0
7704,1,1
7705,2,0
7706,1,1
7707,2,0
7708,1,1
7709,2,0
7710,1,1
7711,2,0
7712,1,1
7713,2,0
7714,1,1
7715,2,0
7716,1,1
7717,2,0
7718,1,1
7719,2,0
7720,1,1
7721,2,0
7722,1,1
7723,2,0
7724,1,1
7725,2,0
7726,1,1
7727,2,0
7728,1,1
7729,2,0
7730,1,1
7731,2,0
7732,1,1
7733,2,0
7734,1,1
7735,2,0
7736,1,1
7737,2,0
7738,1,1
7739,2,0
7740,1,1
7741,2,0
7742,1,1
7743,2,0
7744,1,1
7745,2,0
7746,1,1
7747,2,0
7748,1,1
7749,2,0
7750,1,1
7751,2,0
7752,1,1
7753,2,0
7754,1,1
7755,2,0
7756,1,1
7757,2,0
7758,1,1
7759,2,0
7760,1,1
7761,2,0
7762,1,1
7763,2,0
7764,1,1
7765,2,0
7766,1,1
7767,2,0
7768,1,1
7769,2,0
7770,1,1
7771,2,0
7772,1,1
7773,2,0
7774,1,1
7775,2,0
7776,1,1
7777,2,0
7778,1,1
7779,2,0
7780,1,1
7781,2,0
7782,1,1
7783,2,0
7784,1,1
7785,2,0
7786,1,1
7787,2,0
7788,1,1
7789,2,0
7790,1,1
7791,2,0
7792,1,1
7793,2,0
7794,1,1
7795,2,0
7796,1,1
7797,2,0
7798,1,1
7799,2,0
7800,1,1
7801,2,0
7802,1,1
7803,2,0
7804,1,1
7805,2,0
7806,1,1
7807,2,0
7808,1,1
7809,2,0
7810,1,1
7811,2,0
7812,1,1
7813,2,0
7814,1,1
7815,2,0
7816,1,1
7817,2,0
7818,1,1
7819,2,0
7820,1,1
7821,2,0
7822,1,1
7823,2,0
7824,1,1
7825,2,0
7826,1,1
7827,2,0
7828,1,1
7829,2,0
7830,1,1
7831,2,0
7832,1,1
7833,2,0
7834,1,1
7835,2,0
7836,1,1
7837,2,0
7838,1,1
7839,2,0
7840,1,1
7841,2,0
7842,1,1
7843,2,0
7844,1,1
7845,2,0
7846,1,1
7847,2,0
7848,1,1
7849,2,0
7850,1,1
7851,2,0
7852,1,1
7853,2,0
7854,1,1
7855,2,0
7856,1,1
7857,2,0
7858,1,1
7859,2,0
7860,1,1
7861,2,0
7862,1,1
7863,2,0
7864,1,1
7865,2,0
7866,1,1
7867,2,0
7868,1,1
7869,2,0
7870,1,1
7871,2,0
7872,1,1
7873,2,0
7874,1,1
7875,2,0
7876,1,1
7877,2,0
7878,1,1
7879,2,0
7880,1,1
7881,2,0
7882,1,1
7883,2,0
7884,1,1
7885,2,0
7886,1,1
7887,2,0
7888,1,1
7889,2,0
7890,1,1
7891,2,0
7892,1,1
7893,2,0
7894,1,1
7895,2,0
7896,1,1
7897,2,0
7898,1,1
7899,2,0
7900,1,1
7901,2,0
7902,1,1
7903,2,0
7904,1,1
7905,2,0
7906,1,1
7907,2,0
7908,1,1
7909,2,0
7910,1,1
7911,2,0
7912,1,1
7913,2,0
7914,1,1
7915,2,0
7916,1,1
7917,2,0
7918,1,1
7919,2,0
7920,1,1
7921,2,0
7922,1,1
7923,2,0
7924,1,1
7925,2,0
7926,1,1
7927,2,0
7928,1,1
7929,2,0
7930,1,1
7931,2,0
7932,1,1
7933,2,0
7934,1,1
7935,2,0
7936,1,1
7937,2,0
7938,1,1
7939,2,0
7940,1,1
7941,2,0
7942,1,1
7943,2,0
7944,1,1
7945,2,0
7946,1,1
7947,2,0
7948,1,1
7949,2,0
7950,1,1
7951,2,0
7952,1,1
7953,2,0
7954,1,1
7955,2,0
7956,1,1
7957,2,0
7958,1,1
7959,2,0
7960,1,1
7961,2,0
7962,1,1
7963,2,0
7964,1,1
7965,2,0
7966,1,1
7967,2,0
7968,1,1
7969,2,0
7970,1,1
7971,2,0
7972,1,1
7973,2,0
7974,1,1
7975,2,0
7976,1,1
7977,2,0
7978,1,1
7979,2,0
7980,1,1
7981,2,0
7982,1,1
7983,2,0
7984,1,1
7985,2,0
7986,1,1
7987,2,0
7988,1,1
7989,2,0
7990,1,1
7991,2,0
7992,1,1
7993,2,0
7994,1,1
7995,2,0
7996,1,1
7997,2,0
7998,1,1
7999,2,0
8000,1,1
8001,2,0
8002,1,1
8003,2,0
8004,1,1
8005,2,0
8006,1,1
8007,2,0
8008,1,1
8009,2,0
8010,1,1
8011,2,0
8012,1,1
8013,2,0
8014,1,1
8015,2,0
8016,1,1
8017,2,0
8018,1,1
8019,2,0
8020,1,1
8021,2,0
8022,1,1
8023,2,0
8024,1,1
8025,2,0
8026,1,1
8027,2,0
8028,1,1
8029,2,0
8030,1,1
8031,2,0
8032,1,1
8033,2,0
8034,1,1
8035,2,0
8036,1,1
8037,2,0
8038,1,1
8039,2,0
8040,1,1
8041,2,0
8042,1,1
8043,2,0
8044,1,1
8045,2,0
8046,1,1
8047,2,0
8048,1,1
8049,2,0
8050,1,1
8051,2,0
8052,1,1
8053,2,0
8054,1,1
8055,2,0
8056,1,1
8057,2,0
8058,1,1
8059,2,0
8060,1,1
8061,2,0
8062,1,1
8063,2,0
8064,1,1
8065,2,0
8066,1,1
8067,2,0
8068,1,1
8069,2,0
8070,1,1
8071,2,0
8072,1,1
8073,2,0
8074,1,1
8075,2,0
8076,1,1
8077,2,0
8078,1,1
8079,2,0
8080,1,1
8081,2,0
8082,1,1
8083,2,0
8084,1,1
8085,2,0
8086,1,1
8087,2,0
8088,1,1
8089,2,0
8090,1,1
8091,2,0
8092,1,1
8093,2,0
8094,1,1
8095,2,0
8096,1,1
8097,2,0
8098,1,1
8099,2,0
8100,1,1
8101,2,0
8102,1,1
8103,2,0
8104,1,1
8105,2,0
8106,1,1
8107,2,0
8108,1,1
8109,2,0
8110,1,1
8111,2,0
8112,1,1
8113,2,0
8114,1,1
8115,2,0
8116,1,1
8117,2,0
8118,1,1
8119,2,0
8120,1,1
8121,2,0
8122,1,1
8123,2,0
8124,1,1
8125,2,0
8126,1,1
8127,2,0
8128,1,1
8129,2,0
8130,1,1
8131,2,0
8132,1,1
8133,2,0
8134,1,1
8135,2,0
8136,1,1
8137,2,0
8138,1,1
8139,2,0
8140,1,1
8141,2,0
8142,1,1
8143,2,0
8144,1,1
8145,2,0
8146,1,1
8147,2,0
8148,1,1
8149,2,0
8150,1,1
8151,2,0
8152,1,1
8153,2,0
8154,1,1
8155,2,0
8156,1,1
8157,2,0
8158,1,1
8159,2,0
8160,1,1
8161,2,0
8162,1,1
8163,2,0
8164,1,1
8165,2,0
8166,1,1
8167,2,0
8168,1,1
8169,2,0
8170,1,1
8171,2,0
8172,1,1
8173,2,0
8174,1,1
8175,2,0
8176,1,1
8177,2,0
8178,1,1
8179,2,0
8180,1,1
8181,2,0
8182,1,1
8183,2,0
8184,1,1
8185,2,0
8186,1,1
8187,2,0
8188,1,1
8189,2,0
8190,1,1
8191,2,0
8192,1,1
8193,2,0
8194,1,1
8195,2,0
8196,1,1
8197,2,0
8198,1,1
8199,2,0
8200,1,1
8201,2,0
8202,1,1
8203,2,0
8204,1,1
8205,2,0
8206,1,1
8207,2,0
8208,1,1
8209,2,0
8210,1,1
8211,2,0
8212,1,1
8213,2,0
8214,1,1
8215,2,0
8216,1,1
8217,2,0
8218,1,1
8219,2,0
8220,1,1
8221,2,0
8222,1,1
8223,2,0
8224,1,1
8225,2,0
8226,1,1
8227,2,0
8228,1,1
8229,2,0
8230,1,1
8231,2,0
8232,1,1
8233,2,0
8234,1,1
8235,2,0
8236,1,1
8237,2,0
8238,1,1
8239,2,0
8240,1,1
8241,2,0
8242,1,1
8243,2,0
8244,1,1
8245,2,0
8246,1,1
8247,2,0
8248,1,1
8249,2,0
8250,1,1
8251,2,0
8252,1,1
8253,2,0
8254,1,1
8255,2,0
8256,1,1
8257,2,0
8258,1,1
8259,2,0
8260,1,1
8261,2,0
8262,1,1
8263,2,0
8264,1,1
8265,2,0
8266,1,1
8267,2,0
8268,1,1
8269,2,0
8270,1,1
8271,2,0
8272,1,1
8273,2,0
8274,1,1
8275,2,0
8276,1,1
8277,2,0
8278,1,1
8279,2,0
8280,1,1
8281,2,0
8282,1,1
8283,2,0
8284,1,1
8285,2,0
8286,1,1
8287,2,0
8288,1,1
8289,2,0
8290,1,1
8291,2,0
8292,1,1
8293,2,0
8294,1,1
8295,2,0
8296,1,1
8297,2,0
8298,1,1
8299,2,0
8300,1,1
8301,2,0
8302,1,1
8303,2,0
8304,1,1
8305,2,0
8306,1,1
8307,2,0
8308,1,1
8309,2,0
8310,1,1
8311,2,0
8312,1,1
8313,2,0
8314,1,1
8315,2,0
8316,1,1
8317,2,0
8318,1,1
8319,2,0
8320,1,1
8321,2,0
8322,1,1
8323,2,0
8324,1,1
8325,2,0
8326,1,1
8327,2,0
8328,1,1
8329,2,0
8330,1,1
8331,2,0
8332,1,1
8333,2,0
8334,1,1
8335,2,0
8336,1,1
8337,2,0
8338,1,1
8339,2,0
8340,1,1
8341,2,0
8342,1,1
8343,2,0
8344,1,1
8345,2,0
8346,1,1
8347,2,0
8348,1,1
8349,2,0
8350,1,1
8351,2,0
8352,1,1
8353,2,0
8354,1,1
8355,2,0
8356,1,1
8357,2,0
8358,1,1
8359,2,0
8360,1,1
8361,2,0
8362,1,1
8363,2,0
8364,1,1
8365,2,0
8366,1,1
8367,2,0
8368,1,1
8369,2,0
8370,1,1
8371,2,0
8372,1,1
8373,2,0
8374,1,1
8375,2,0
8376,1,1
8377,2,0
8378,1,1
8379,2,0
8380,1,1
8381,2,0
8382,1,1
8383,2,0
8384,1,1
8385,2,0
8386,1,1
8387,2,0
8388,1,1
8389,2,0
8390,1,1
8391,2,0
8392,1,1
8393,2,0
8394,1,1
8395,2,0
8396,1,1
8397,2,0
8398,1,1
8399,2,0
8400,1,1
8401,2,0
8402,1,1
8403,2,0
8404,1,1
8405,2,0
8406,1,1
8407,2,0
8408,1,1
8409,2,0
8410,1,1
8411,2,0
8412,1,1
8413,2,0
8414,1,1
8415,2,0
8416,1,1
8417,2,0
8418,1,1
8419,2,0
8420,1,1
8421,2,0
8422,1,1
8423,2,0
8424,1,1
8425,2,0
8426,1,1
8427,2,0
8428,1,1
8429,2,0
8430,1,1
8431,2,0
8432,1,1
8433,2,0
8434,1,1
8435,2,0
8436,1,1
8437,2,0
8438,1,1
8439,2,0
8440,1,1
8441,2,0
8442,1,1
8443,2,0
8444,1,1
8445,2,0
8446,1,1
8447,2,0
8448,1,1
8449,2,0
8450,1,1
8451,2,0
8452,1,1
8453,2,0
8454,1,1
8455,2,0
8456,1,1
8457,2,0
8458,1,1
8459,2,0
8460,1,1
8461,2,0
8462,1,1
8463,2,0
8464,1,1
8465,2,0
8466,1,1
8467,2,0
8468,1,1
8469,2,0
8470,1,1
8471,2,0
8472,1,1
8473,2,0
8474,1,1
8475,2,0
8476,1,1
8477,2,0
8478,1,1
8479,2,0
8480,1,1
8481,2,0
8482,1,1
8483,2,0
8484,1,1
8485,2,0
8486,1,1
8487,2,0
8488,1,1
8489,2,0
8490,1,1
8491,2,0
8492,1,1
8493,2,0
8494,1,1
8495,2,0
8496,1,1
8497,2,0
8498,1,1
8499,2,0
8500,1,1
8501,2,0
8502,1,1
8503,2,0
8504,1,1
8505,2,0
8506,1,1
8507,2,0
8508,1,1
8509,2,0
8510,1,1
8511,2,0
8512,1,1
8513,2,0
8514,1,1
8515,2,0
8516,1,1
8517,2,0
8518,1,1
8519,2,0
8520,1,1
8521,2,0
8522,1,1
8523,2,0
8524,1,1
8525,2,0
8526,1,1
8527,2,0
8528,1,1
8529,2,0
8530,1,1
8531,2,0
8532,1,1
8533,2,0
8534,1,1
8535,2,0
8536,1,1
8537,2,0
8538,1,1
8539,2,0
8540,1,1
8541,2,0
8542,1,1
8543,2,0
8544,1,1
8545,2,0
8546,1,1
8547,2,0
8548,1,1
8549,2,0
8550,1,1
8551,2,0
8552,1,1
8553,2,0
8554,1,1
8555,2,0
8556,1,1
8557,2,0
8558,1,1
8559,2,0
8560,1,1
8561,2,0
8562,1,1
8563,2,0
8564,1,1
8565,2,0
8566,1,1
8567,2,0
8568,1,1
8569,2,0
8570,1,1
8571,2,0
8572,1,1
8573,2,0
8574,1,1
8575,2,0
8576,1,1
8577,2,0
8578,1,1
8579,2,0
8580,1,1
8581,2,0
8582,1,1
8583,2,0
8584,1,1
8585,2,0
8586,1,1
8587,2,0
8588,1,1
8589,2,0
8590,1,1
8591,2,0
8592,1,1
8593,2,0
8594,1,1
8595,2,0
8596,1,1
8597,2,0
8598,1,1
8599,2,0
8600,1,1
8601,2,0
8602,1,1
8603,2,0
8604,1,1
8605,2,0
8606,1,1
8607,2,0
8608,1,1
8609,2,0
8610,1,1
8611,2,0
8612,1,1
8613,2,0
8614,1,1
8615,2,0
8616,1,1
8617,2,0
8618,1,1
8619,2,0
8620,1,1
8621,2,0
8622,1,1
8623,2,0
8624,1,1
8625,2,0
8626,1,1
8627,2,0
8628,1,1
8629,2,0
8630,1,1
8631,2,0
8632,1,1
8633,2,0
8634,1,1
8635,2,0
8636,1,1
8637,2,0
8638,1,1
8639,2,0
8640,1,1
8641,2,0
8642,1,1
8643,2,0
8644,1,1
8645,2,0
8646,1,1
8647,2,0
8648,1,1
8649,2,0
8650,1,1
8651,2,0
8652,1,1
8653,2,0
8654,1,1
8655,2,0
8656,1,1
8657,2,0
8658,1,1
8659,2,0
8660,1,1
8661,2,0
8662,1,1
8663,2,0
8664,1,1
8665,2,0
8666,1,1
8667,2,0
8668,1,1
8669,2,0
8670,1,1
8671,2,0
8672,1,1
8673,2,0
8674,1,1
8675,2,0
8676,1,1
8677,2,0
8678,1,1
8679,2,0
8680,1,1
8681,2,0
8682,1,1
8683,2,0
8684,1,1
8685,2,0
8686,1,1
8687,2,0
8688,1,1
8689,2,0
8690,1,1
8691,2,0
8692,1,1
8693,2,0
8694,1,1
8695,2,0
8696,1,1
8697,2,0
8698,1,1
8699,2,0
8700,1,1
8701,2,0
8702,1,1
8703,2,0
8704,1,1
8705,2,0
8706,1,1
8707,2,0
8708,1,1
8709,2,0
8710,1,1
8711,2,0
8712,1,1
8713,2,0
8714,1,1
8715,2,0
8716,1,1
8717,2,0
8718,1,1
8719,2,0
8720,1,1
8721,2,0
8722,1,1
8723,2,0
8724,1,1
8725,2,0
8726,1,1
8727,2,0
8728,1,1
8729,2,0
8730,1,1
8731,2,0
8732,1,1
8733,2,0
8734,1,1
8735,2,0
8736,1,1
8737,2,0
8738,1,1
8739,2,0
8740,1,1
8741,2,0
8742,1,1
8743,2,0
8744,1,1
8745,2,0
8746,1,1
8747,2,0
8748,1,1
8749,2,0
8750,1,1
8751,2,0
8752,1,1
8753,2,0
8754,1,1
8755,2,0
8756,1,1
8757,2,0
8758,1,1
8759,2,0
8760,1,1
8761,2,0
8762,1,1
8763,2,0
8764,1,1
8765,2,0
8766,1,1
8767,2,0
8768,1,1
8769,2,0
8770,1,1
8771,2,0
8772,1,1
8773,2,0
8774,1,1
8775,2,0
8776,1,1
8777,2,0
8778,1,1
8779,2,0
8780,1,1
8781,2,0
8782,1,1
8783,2,0
8784,1,1
8785,2,0
8786,1,1
8787,2,0
8788,1,1
8789,2,0
8790,1,1
8791,2,0
8792,1,1
8793,2,0
8794,1,1
8795,2,0
8796,1,1
8797,2,0
8798,1,1
8799,2,0
8800,1,1
8801,2,0
8802,1,1
8803,2,0
8804,1,1
8805,2,0
8806,1,1
8807,2,0
8808,1,1
8809,2,0
8810,1,1
8811,2,0
8812,1,1
8813,2,0
8814,1,1
8815,2,0
8816,1,1
8817,2,0
8818,1,1
8819,2,0
8820,1,1
8821,2,0
8822,1,1
8823,2,0
8824,1,1
8825,2,0
8826,1,1
8827,2,0
8828,1,1
8829,2,0
8830,1,1
8831,2,0
8832,1,1
8833,2,0
8834,1,1
8835,2,0
8836,1,1
8837,2,0
8838,1,1
8839,2,0
8840,1,1
8841,2,0
8842,1,1
8843,2,0
8844,1,1
8845,2,0
8846,1,1
8847,2,0
8848,1,1
8849,2,0
8850,1,1
8851,2,0
8852,1,1
8853,2,0
8854,1,1
8855,2,0
8856,1,1
8857,2,0
8858,1,1
8859,2,0
8860,1,1
8861,2,0
8862,1,1
8863,2,0
8864,1,1
8865,2,0
8866,1,1
8867,2,0
8868,1,1
8869,2,0
8870,1,1
8871,2,0
8872,1,1
8873,2,0
8874,1,1
8875,2,0
8876,1,1
8877,2,0
8878,1,1
8879,2,0
8880,1,1
8881,2,0
8882,1,1
8883,2,0
8884,1,1
8885,2,0
8886,1,1
8887,2,0
8888,1,1
8889,2,0
8890,1,1
8891,2,0
8892,1,1
8893,2,0
8894,1,1
8895,2,0
8896,1,1
8897,2,0
8898,1,1
8899,2,0
8900,1,1
8901,2,0
8902,1,1
8903,2,0
8904,1,1
8905,2,0
8906,1,1
8907,2,0
8908,1,1
8909,2,0
8910,1,1
8911,2,0
8912,1,1
8913,2,0
8914,1,1
8915,2,0
8916,1,1
8917,2,0
8918,1,1
8919,2,0
8920,1,1
8921,2,0
8922,1,1
8923,2,0
8924,1,1
8925,2,0
8926,1,1
8927,2,0
8928,1,1
8929,2,0
8930,1,1
8931,2,0
8932,1,1
8933,2,0
8934,1,1
8935,2,0
8936,1,1
8937,2,0
8938,1,1
8939,2,0
8940,1,1
8941,2,0
8942,1,1
8943,2,0
8944,1,1
8945,2,0
8946,1,1
8947,2,0
8948,1,1
8949,2,0
8950,1,1
8951,2,0
8952,1,1
8953,2,0
8954,1,1
8955,2,0
8956,1,1
8957,2,0
8958,1,1
8959,2,0
8960,1,1
8961,2,0
8962,1,1
8963,2,0
8964,1,1
8965,2,0
8966,1,1
8967,2,0
8968,1,1
8969,2,0
8970,1,1
8971,2,0
8972,1,1
8973,2,0
8974,1,1
8975,2,0
8976,1,1
8977,2,0
8978,1,1
8979,2,0
8980,1,1
8981,2,0
8982,1,1
8983,2,0
8984,1,1
8985,2,0
8986,1,1
8987,2,0
8988,1,1
8989,2,0
8990,1,1
8991,2,0
8992,1,1
8993,2,0
8994,1,1
8995,2,0
8996,1,1
8997,2,0
8998,1,1
8999,2,0
9000,1,1
9001,2,0
9002,1,1
9003,2,0
9004,1,1
9005,2,0
9006,1,1
9007,2,0
9008,1,1
9009,2,0
9010,1,1
9011,2,0
9012,1,1
9013,2,0
9014,1,1
9015,2,0
9016,1,1
9017,2,0
9018,1,1
9019,2,0
9020,1,1
9021,2,0
9022,1,1
9023,2,0
9024,1,1
9025,2,0
9026,1,1
9027,2,0
9028,1,1
9029,2,0
9030,1,1
9031,2,0
9032,1,1
9033,2,0
9034,1,1
9035,2,0
9036,1,1
9037,2,0
9038,1,1
9039,2,0
9040,1,1
9041,2,0
9042,1,1
9043,2,0
9044,1,1
9045,2,0
9046,1,1
9047,2,0
9048,1,1
9049,2,0
9050,1,1
9051,2,0
9052,1,1
9053,2,0
9054,1,1
9055,2,0
9056,1,1
9057,2,0
9058,1,1
9059,2,0
9060,1,1
9061,2,0
9062,1,1
9063,2,0
9064,1,1
9065,2,0
9066,1,1
9067,2,0
9068,1,1
9069,2,0
9070,1,1
9071,2,0
9072,1,1
9073,2,0
9074,1,1
9075,2,0
9076,1,1
9077,2,0
9078,1,1
9079,2,0
9080,1,1
9081,2,0
9082,1,1
9083,2,0
9084,1,1
9085,2,0
9086,1,1
9087,2,0
9088,1,1
9089,2,0
9090,1,1
9091,2,0
9092,1,1
9093,2,0
9094,1,1
9095,2,0
9096,1,1
9097,2,0
9098,1,1
9099,2,0
9100,1,1
9101,2,0
9102,1,1
9103,2,0
9104,1,1
9105,2,0
9106,1,1
9107,2,0
9108,1,1
9109,2,0
9110,1,1
9111,2,0
9112,1,1
9113,2,0
9114,1,1
9115,2,0
9116,1,1
9117,2,0
9118,1,1
9119,2,0
9120,1,1
9121,2,0
9122,1,1
9123,2,0
9124,1,1
9125,2,0
9126,1,1
9127,2,0
9128,1,1
9129,2,0
9130,1,1
9131,2,0
9132,1,1
9133,2,0
9134,1,1
9135,2,0
9136,1,1
9137,2,0
9138,1,1
9139,2,0
9140,1,1
9141,2,0
9142,1,1
9143,2,0
9144,1,1
9145,2,0
9146,1,1
9147,2,0
9148,1,1
9149,2,0
9150,1,1
9151,2,0
9152,1,1
9153,2,0
9154,1,1
9155,2,0
9156,1,1
9157,2,0
9158,1,1
9159,2,0
9160,1,1
9161,2,0
9162,1,1
9163,2,0
9164,1,1
9165,2,0
9166,1,1
9167,2,0
9168,1,1
9169,2,0
9170,1,1
9171,2,0
9172,1,1
9173,2,0
9174,1,1
9175,2,0
9176,1,1
9177,2,0
9178,1,1
9179,2,0
9180,1,1
9181,2,0
9182,1,1
9183,2,0
9184,1,1
9185,2,0
9186,1,1
9187,2,0
9188,1,1
9189,2,0
9190,1,1
9191,2,0
9192,1,1
9193,2,0
9194,1,1
9195,2,0
9196,1,1
9197,2,0
9198,1,1
9199,2,0
9200,1,1
9201,2,0
9202,1,1
9203,2,0
9204,1,1
9205,2,0
9206,1,1
9207,2,0
9208,1,1
9209,2,0
9210,1,1
9211,2,0
9212,1,1
9213,2,0
9214,1,1
9215,2,0
9216,1,1
9217,2,0
9218,1,1
9219,2,0
9220,1,1
9221,2,0
9222,1,1
9223,2,0
9224,1,1
9225,2,0
9226,1,1
9227,2,0
9228,1,1
9229,2,0
9230,1,1
9231,2,0
9232,1,1
9233,2,0
9234,1,1
9235,2,0
9236,1,1
9237,2,0
9238,1,1
9239,2,0
9240,1,1
9241,2,0
9242,1,1
9243,2,0
9244,1,1
9245,2,0
9246,1,1
9247,2,0
9248,1,1
9249,2,0
9250,1,1
9251,2,0
9252,1,1
9253,2,0
9254,1,1
9255,2,0
9256,1,1
9257,2,0
9258,1,1
9259,2,0
9260,1,1
9261,2,0
9262,1,1
9263,2,0
9264,1,1
9265,2,0
9266,1,1
9267,2,0
9268,1,1
9269,2,0
9270,1,1
9271,2,0
9272,1,1
9273,2,0
9274,1,1
9275,2,0
9276,1,1
9277,2,0
9278,1,1
9279,2,0
9280,1,1
9281,2,0
9282,1,1
9283,2,0
9284,1,1
9285,2,0
9286,1,1
9287,2,0
9288,1,1
9289,2,0
9290,1,1
9291,2,0
9292,1,1
9293,2,0
9294,1,1
9295,2,0
9296,1,1
9297,2,0
9298,1,1
9299,2,0
9300,1,1
9301,2,0
9302,1,1
9303,2,0
9304,1,1
9305,2,0
9306,1,1
9307,2,0
9308,1,1
9309,2,0
9310,1,1
9311,2,0
9312,1,1
9313,2,0
9314,1,1
9315,2,0
9316,1,1
9317,2,0
9318,1,1
9319,2,0
9320,1,1
9321,2,0
9322,1,1
9323,2,0
9324,1,1
9325,2,0
9326,1,1
9327,2,0
9328,1,1
9329,2,0
9330,1,1
9331,2,0
9332,1,1
9333,2,0
9334,1,1
9335,2,0
9336,1,1
9337,2,0
9338,1,1
9339,2,0
9340,1,1
9341,2,0
9342,1,1
9343,2,0
9344,1,1
9345,2,0
9346,1,1
9347,2,0
9348,1,1
9349,2,0
9350,1,1
9351,2,0
9352,1,1
9353,2,0
9354,1,1
9355,2,0
9356,1,1
9357,2,0
9358,1,1
9359,2,0
9360,1,1
9361,2,0
9362,1,1
9363,2,0
9364,1,1
9365,2,0
9366,1,1
9367,2,0
9368,1,1
9369,2,0
9370,1,1
9371,2,0
9372,1,1
9373,2,0
9374,1,1
9375,2,0
9376,1,1
9377,2,0
9378,1,1
9379,2,0
9380,1,1
9381,2,0
9382,1,1
9383,2,0
9384,1,1
9385,2,0
9386,1,1
9387,2,0
9388,1,1
9389,2,0
9390,1,1
9391,2,0
9392,1,1
9393,2,0
9394,1,1
9395,2,0
9396,1,1
9397,2,0
9398,1,1
9399,2,0
9400,1,1
9401,2,0
9402,1,1
9403,2,0
9404,1,1
9405,2,0
9406,1,1
9407,2,0
9408,1,1
9409,2,0
9410,1,1
9411,2,0
9412,1,1
9413,2,0
9414,1,1
9415,2,0
9416,1,1
9417,2,0
9418,1,1
9419,2,0
9420,1,1
9421,2,0
9422,1,1
9423,2,0
9424,1,1
9425,2,0
9426,1,1
9427,2,0
9428,1,1
9429,2,0
9430,1,1
9431,2,0
9432,1,1
9433,2,0
9434,1,1
9435,2,0
9436,1,1
9437,2,0
9438,1,1
9439,2,0
9440,1,1
9441,2,0
9442,1,1
9443,2,0
9444,1,1
9445,2,0
9446,1,1
9447,2,0
9448,1,1
9449,2,0
9450,1,1
9451,2,0
9452,1,1
9453,2,0
9454,1,1
9455,2,0
9456,1,1
9457,2,0
9458,1,1
9459,2,0
9460,1,1
9461,2,0
9462,1,1
9463,2,0
9464,1,1
9465,2,0
9466,1,1
9467,2,0
9468,1,1
9469,2,0
9470,1,1
9471,2,0
9472,1,1
9473,2,0
9474,1,1
9475,2,0
9476,1,1
9477,2,0
9478,1,1
9479,2,0
9480,1,1
9481,2,0
9482,1,1
9483,2,0
9484,1,1
9485,2,0
9486,1,1
9487,2,0
9488,1,1
9489,2,0
9490,1,1
9491,2,0
9492,1,1
9493,2,0
9494,1,1
9495,2,0
9496,1,1
9497,2,0
9498,1,1
9499,2,0
9500,1,1
9501,2,0
9502,1,1
9503,2,0
9504,1,1
9505,2,0
9506,1,1
9507,2,0
9508,1,1
9509,2,0
9510,1,1
9511,2,0
9512,1,1
9513,2,0
9514,1,1
9515,2,0
9516,1,1
9517,2,0
9518,1,1
9519,2,0
9520,1,1
9521,2,0
9522,1,1
9523,2,0
9524,1,1
9525,2,0
9526,1,1
9527,2,0
9528,1,1
9529,2,0
9530,1,1
9531,2,0
9532,1,1
9533,2,0
9534,1,1
9535,2,0
9536,1,1
9537,2,0
9538,1,1
9539,2,0
9540,1,1
9541,2,0
9542,1,1
9543,2,0
9544,1,1
9545,2,0
9546,1,1
9547,2,0
9548,1,1
9549,2,0
9550,1,1
9551,2,0
9552,1,1
9553,2,0
9554,1,1
9555,2,0
9556,1,1
9557,2,0
9558,1,1
9559,2,0
9560,1,1
9561,2,0
9562,1,1
9563,2,0
9564,1,1
9565,2,0
9566,1,1
9567,2,0
9568,1,1
9569,2,0
9570,1,1
9571,2,0
9572,1,1
9573,2,0
9574,1,1
9575,2,0
9576,1,1
9577,2,0
9578,1,1
9579,2,0
9580,1,1
9581,2,0
9582,1,1
9583,2,0
9584,1,1
9585,2,0
9586,1,1
9587,2,0
9588,1,1
9589,2,0
9590,1,1
9591,2,0
9592,1,1
9593,2,0
9594,1,1
9595,2,0
9596,1,1
9597,2,0
9598,1,1
9599,2,0
9600,1,1
9601,2,0
9602,1,1
9603,2,0
9604,1,1
9605,2,0
9606,1,1
9607,2,0
9608,1,1
9609,2,0
9610,1,1
9611,2,0
9612,1,1
9613,2,0
9614,1,1
9615,2,0
9616,1,1
9617,2,0
9618,1,1
9619,2,0
9620,1,1
9621,2,0
9622,1,1
9623,2,0
9624,1,1
9625,2,0
9626,1,1
9627,2,0
9628,1,1
9629,2,0
9630,1,1
9631,2,0
9632,1,1
9633,2,0
9634,1,1
9635,2,0
9636,1,1
9637,2,0
9638,1,1
9639,2,0
9640,1,1
9641,2,0
9642,1,1
9643,2,0
9644,1,1
9645,2,0
9646,1,1
9647,2,0
9648,1,1
9649,2,0
9650,1,1
9651,2,0
9652,1,1
9653,2,0
9654,1,1
9655,2,0
9656,1,1
9657,2,0
9658,1,1
9659,2,0
9660,1,1
9661,2,0
9662,1,1
9663,2,0
9664,1,1
9665,2,0
9666,1,1
9667,2,0
9668,1,1
9669,2,0
9670,1,1
9671,2,0
9672,1,1
9673,2,0
9674,1,1
9675,2,0
9676,1,1
9677,2,0
9678,1,1
9679,2,0
9680,1,1
9681,2,0
9682,1,1
9683,2,0
9684,1,1
9685,2,0
9686,1,1
9687,2,0
9688,1,1
9689,2,0
9690,1,1
9691,2,0
9692,1,1
9693,2,0
9694,1,1
9695,2,0
9696,1,1
9697,2,0
9698,1,1
9699,2,0
9700,1,1
9701,2,0
9702,1,1
9703,2,0
9704,1,1
9705,2,0
9706,1,1
9707,2,0
9708,1,1
9709,2,0
9710,1,1
9711,2,0
9712,1,1
9713,2,0
9714,1,1
9715,2,0
9716,1,1
9717,2,0
9718,1,1
9719,2,0
9720,1,1
9721,2,0
9722,1,1
9723,2,0
9724,1,1
9725,2,0
9726,1,1
9727,2,0
9728,1,1
9729,2,0
9730,1,1
9731,2,0
9732,1,1
9733,2,0
9734,1,1
9735,2,0
9736,1,1
9737,2,0
9738,1,1
9739,2,0
9740,1,1
9741,2,0
9742,1,1
9743,2,0
9744,1,1
9745,2,0
9746,1,1
9747,2,0
9748,1,1
9749,2,0
9750,1,1
9751,2,0
9752,1,1
9753,2,0
9754,1,1
9755,2,0
9756,1,1
9757,2,0
9758,1,1
9759,2,0
9760,1,1
9761,2,0
9762,1,1
9763,2,0
9764,1,1
9765,2,0
9766,1,1
9767,2,0
9768,1,1
9769,2,0
9770,1,1
9771,2,0
9772,1,1
9773,2,0
9774,1,1
9775,2,0
9776,1,1
9777,2,0
9778,1,1
9779,2,0
9780,1,1
9781,2,0
9782,1,1
9783,2,0
9784,1,1
9785,2,0
9786,1,1
9787,2,0
9788,1,1
9789,2,0
9790,1,1
9791,2,0
9792,1,1
9793,2,0
9794,1,1
9795,2,0
9796,1,1
9797,2,0
9798,1,1
9799,2,0
9800,1,1
9801,2,0
9802,1,1
9803,2,0
9804,1,1
9805,2,0
9806,1,1
9807,2,0
9808,1,1
9809,2,0
9810,1,1
9811,2,0
9812,1,1
9813,2,0
9814,1,1
9815,2,0
9816,1,1
9817,2,0
9818,1,1
9819,2,0
9820,1,1
9821,2,0
9822,1,1
9823,2,0
9824,1,1
9825,2,0
9826,1,1
9827,2,0
9828,1,1
9829,2,0
9830,1,1
9831,2,0
9832,1,1
9833,2,0
9834,1,1
9835,2,0
9836,1,1
9837,2,0
9838,1,1
9839,2,0
9840,1,1
9841,2,0
9842,1,1
9843,2,0
9844,1,1
9845,2,0
9846,1,1
9847,2,0
9848,1,1
9849,2,0
9850,1,1
9851,2,0
9852,1,1
9853,2,0
9854,1,1
9855,2,0
9856,1,1
9857,2,0
9858,1,1
9859,2,0
9860,1,1
9861,2,0
9862,1,1
9863,2,0
9864,1,1
9865,2,0
9866,1,1
9867,2,0
9868,1,1
9869,2,0
9870,1,1
9871,2,0
9872,1,1
9873,2,0
9874,1,1
9875,2,0
9876,1,1
9877,2,0
9878,1,1
9879,2,0
9880,1,1
9881,2,0
9882,1,1
9883,2,0
9884,1,1
9885,2,0
9886,1,1
9887,2,0
9888,1,1
9889,2,0
9890,1,1
9891,2,0
9892,1,1
9893,2,0
9894,1,1
9895,2,0
9896,1,1
9897,2,0
9898,1,1
9899,2,0
9900,1,1
9901,2,0
9902,1,1
9903,2,0
9904,1,1
9905,2,0
9906,1,1
9907,2,0
9908,1,1
9909,2,0
9910,1,1
9911,2,0
9912,1,1
9913,2,0
9914,1,1
9915,2,0
9916,1,1
9917,2,0
9918,1,1
9919,2,0
9920,1,1
9921,2,0
9922,1,1
9923,2,0
9924,1,1
9925,2,0
9926,1,1
9927,2,0
9928,1,1
9929,2,0
9930,1,1
9931,2,0
9932,1,1
9933,2,0
9934,1,1
9935,2,0
9936,1,1
9937,2,0
9938,1,1
9939,2,0
9940,1,1
9941,2,0
9942,1,1
9943,2,0
9944,1,1
9945,2,0
9946,1,1
9947,2,0
9948,1,1
9949,2,0
9950,1,1
9951,2,0
9952,1,1
9953,2,0
9954,1,1
9955,2,0
9956,1,1
9957,2,0
9958,1,1
9959,2,0
9960,1,1
9961,2,0
9962,1,1
9963,2,0
9964,1,1
9965,2,0
9966,1,1
9967,2,0
9968,1,1
9969,2,0
9970,1,1
9971,2,0
9972,1,1
9973,2,0
9974,1,1
9975,2,0
9976,1,1
9977,2,0
9978,1,1
9979,2,0
9980,1,1
9981,2,0
9982,1,1
9983,2,0
9984,1,1
9985,2,0
9986,1,1
9987,2,0
9988,1,1
9989,2,0
9990,1,1
9991,2,0
9992,1,1
9993,2,0
9994,1,1
9995,2,0
9996,1,1
9997,2,0
9998,1,1
9999,2,0
